DATE,2y
1997-08-07,3.9
1997-08-08,3.88
1997-08-11,3.85
1997-08-12,3.86
1997-08-13,3.96
1997-08-14,3.96
1997-08-15,4.0
1997-08-18,3.93
1997-08-19,3.89
1997-08-20,3.95
1997-08-21,4.0
1997-08-22,4.03
1997-08-25,4.05
1997-08-26,4.08
1997-08-27,4.05
1997-08-28,4.01
1997-08-29,3.96
1997-09-01,4.03
1997-09-02,4.01
1997-09-03,4.06
1997-09-04,4.06
1997-09-05,4.03
1997-09-08,3.99
1997-09-09,4.0
1997-09-10,3.96
1997-09-11,3.98
1997-09-12,3.98
1997-09-15,4.05
1997-09-16,4.04
1997-09-17,4.04
1997-09-18,4.03
1997-09-19,4.04
1997-09-22,4.09
1997-09-23,4.06
1997-09-24,4.03
1997-09-25,4.06
1997-09-26,4.1
1997-09-29,4.12
1997-09-30,4.09
1997-10-01,4.1
1997-10-02,4.14
1997-10-06,4.11
1997-10-07,4.11
1997-10-08,4.11
1997-10-09,4.21
1997-10-10,4.45
1997-10-13,4.42
1997-10-14,4.38
1997-10-15,4.46
1997-10-16,4.56
1997-10-17,4.62
1997-10-20,4.61
1997-10-21,4.58
1997-10-22,4.64
1997-10-23,4.61
1997-10-24,4.57
1997-10-27,4.46
1997-10-28,4.34
1997-10-29,4.45
1997-10-30,4.37
1997-10-31,4.39
1997-11-03,4.38
1997-11-04,4.37
1997-11-05,4.42
1997-11-06,4.46
1997-11-07,4.41
1997-11-10,4.48
1997-11-11,4.5
1997-11-12,4.48
1997-11-13,4.48
1997-11-14,4.4
1997-11-17,4.37
1997-11-18,4.36
1997-11-19,4.39
1997-11-20,4.37
1997-11-21,4.38
1997-11-24,4.35
1997-11-25,4.37
1997-11-26,4.35
1997-11-27,4.37
1997-11-28,4.34
1997-12-01,4.33
1997-12-02,4.35
1997-12-03,4.42
1997-12-04,4.4
1997-12-05,4.37
1997-12-08,4.39
1997-12-09,4.39
1997-12-10,4.41
1997-12-11,4.34
1997-12-12,4.3
1997-12-15,4.27
1997-12-16,4.29
1997-12-17,4.32
1997-12-18,4.26
1997-12-19,4.19
1997-12-22,4.13
1997-12-23,4.16
1997-12-29,4.15
1997-12-30,4.2
1998-01-02,4.24
1998-01-05,4.16
1998-01-06,4.16
1998-01-07,4.15
1998-01-08,4.13
1998-01-09,4.01
1998-01-12,3.92
1998-01-13,4.0
1998-01-14,4.0
1998-01-15,3.97
1998-01-16,3.99
1998-01-19,3.97
1998-01-20,3.94
1998-01-21,3.97
1998-01-22,4.04
1998-01-23,4.04
1998-01-26,4.01
1998-01-27,3.95
1998-01-28,3.97
1998-01-29,4.0
1998-01-30,3.93
1998-02-02,3.92
1998-02-03,3.95
1998-02-04,3.98
1998-02-05,3.98
1998-02-06,4.0
1998-02-09,3.97
1998-02-10,3.95
1998-02-11,3.93
1998-02-12,3.93
1998-02-13,3.91
1998-02-16,3.91
1998-02-17,3.9
1998-02-18,3.86
1998-02-19,3.9
1998-02-20,3.91
1998-02-23,3.9
1998-02-24,3.9
1998-02-25,3.94
1998-02-26,3.92
1998-02-27,3.94
1998-03-02,3.95
1998-03-03,3.92
1998-03-04,4.02
1998-03-05,4.0
1998-03-06,4.0
1998-03-09,3.95
1998-03-10,3.92
1998-03-11,3.89
1998-03-12,3.93
1998-03-13,3.87
1998-03-16,3.95
1998-03-17,3.93
1998-03-18,3.94
1998-03-19,3.97
1998-03-20,4.01
1998-03-23,4.04
1998-03-24,4.01
1998-03-25,3.99
1998-03-26,3.97
1998-03-27,4.0
1998-03-30,3.99
1998-03-31,4.09
1998-04-01,4.08
1998-04-02,4.09
1998-04-03,4.06
1998-04-06,4.05
1998-04-07,4.07
1998-04-08,4.08
1998-04-09,4.08
1998-04-14,4.11
1998-04-15,4.1
1998-04-16,4.17
1998-04-17,4.12
1998-04-20,4.12
1998-04-21,4.17
1998-04-22,4.15
1998-04-23,4.13
1998-04-24,4.12
1998-04-27,4.13
1998-04-28,4.15
1998-04-29,4.15
1998-04-30,4.22
1998-05-04,4.21
1998-05-05,4.2
1998-05-06,4.2
1998-05-07,4.23
1998-05-08,4.13
1998-05-11,4.11
1998-05-12,4.2
1998-05-13,4.17
1998-05-14,4.15
1998-05-15,4.14
1998-05-18,4.17
1998-05-19,4.16
1998-05-20,4.13
1998-05-22,4.12
1998-05-25,4.13
1998-05-26,4.11
1998-05-27,4.12
1998-05-28,4.06
1998-05-29,4.03
1998-06-02,4.05
1998-06-03,4.07
1998-06-04,4.07
1998-06-05,4.12
1998-06-08,4.12
1998-06-09,4.13
1998-06-10,4.12
1998-06-12,4.06
1998-06-15,4.03
1998-06-16,4.06
1998-06-17,4.07
1998-06-18,4.11
1998-06-19,4.11
1998-06-22,4.09
1998-06-23,4.09
1998-06-24,4.07
1998-06-25,4.05
1998-06-26,4.03
1998-06-29,4.01
1998-06-30,4.02
1998-07-01,4.04
1998-07-02,3.99
1998-07-03,4.0
1998-07-06,3.94
1998-07-07,3.96
1998-07-08,3.95
1998-07-09,3.97
1998-07-10,3.95
1998-07-13,3.95
1998-07-14,3.96
1998-07-15,3.96
1998-07-16,3.98
1998-07-17,3.94
1998-07-20,3.95
1998-07-21,3.97
1998-07-22,3.96
1998-07-23,3.96
1998-07-24,3.96
1998-07-27,3.96
1998-07-28,4.02
1998-07-29,4.01
1998-07-30,3.97
1998-07-31,3.97
1998-08-03,3.95
1998-08-04,3.95
1998-08-05,3.94
1998-08-06,3.94
1998-08-07,3.92
1998-08-10,3.87
1998-08-11,3.84
1998-08-12,3.8
1998-08-13,3.81
1998-08-14,3.82
1998-08-17,3.78
1998-08-18,3.76
1998-08-19,3.78
1998-08-20,3.77
1998-08-21,3.69
1998-08-24,3.65
1998-08-25,3.58
1998-08-26,3.68
1998-08-27,3.65
1998-08-28,3.52
1998-08-31,3.54
1998-09-01,3.51
1998-09-02,3.6
1998-09-03,3.57
1998-09-04,3.58
1998-09-07,3.56
1998-09-08,3.59
1998-09-09,3.51
1998-09-10,3.45
1998-09-11,3.36
1998-09-14,3.45
1998-09-15,3.45
1998-09-16,3.53
1998-09-17,3.52
1998-09-18,3.51
1998-09-21,3.5
1998-09-22,3.55
1998-09-23,3.56
1998-09-24,3.51
1998-09-25,3.45
1998-09-28,3.46
1998-09-29,3.47
1998-09-30,3.48
1998-10-01,3.39
1998-10-02,3.33
1998-10-05,3.36
1998-10-06,3.35
1998-10-07,3.41
1998-10-08,3.36
1998-10-09,3.46
1998-10-12,3.46
1998-10-13,3.48
1998-10-14,3.49
1998-10-15,3.45
1998-10-16,3.38
1998-10-19,3.36
1998-10-20,3.38
1998-10-21,3.43
1998-10-22,3.42
1998-10-23,3.4
1998-10-26,3.41
1998-10-27,3.41
1998-10-28,3.4
1998-10-29,3.39
1998-10-30,3.38
1998-11-02,3.44
1998-11-03,3.43
1998-11-04,3.43
1998-11-05,3.46
1998-11-06,3.46
1998-11-09,3.54
1998-11-10,3.48
1998-11-11,3.49
1998-11-12,3.48
1998-11-13,3.5
1998-11-16,3.54
1998-11-17,3.5
1998-11-18,3.45
1998-11-19,3.44
1998-11-20,3.44
1998-11-23,3.42
1998-11-24,3.35
1998-11-25,3.34
1998-11-26,3.32
1998-11-27,3.27
1998-11-30,3.31
1998-12-01,3.3
1998-12-02,3.29
1998-12-03,3.24
1998-12-04,3.2
1998-12-07,3.22
1998-12-08,3.23
1998-12-09,3.17
1998-12-10,3.15
1998-12-11,3.12
1998-12-14,3.16
1998-12-15,3.15
1998-12-16,3.15
1998-12-17,3.13
1998-12-18,3.12
1998-12-21,3.13
1998-12-22,3.15
1998-12-23,3.15
1998-12-28,3.17
1998-12-29,3.16
1998-12-30,3.14
1999-01-04,3.07
1999-01-05,3.06
1999-01-06,3.05
1999-01-07,3.04
1999-01-08,3.0
1999-01-11,2.99
1999-01-12,3.02
1999-01-13,2.95
1999-01-14,2.93
1999-01-15,2.9
1999-01-18,2.9
1999-01-19,2.87
1999-01-20,2.9
1999-01-21,2.9
1999-01-22,2.88
1999-01-25,2.86
1999-01-26,2.88
1999-01-27,2.9
1999-01-28,2.89
1999-01-29,2.89
1999-02-01,2.93
1999-02-02,2.95
1999-02-03,2.98
1999-02-04,2.99
1999-02-05,2.99
1999-02-08,3.03
1999-02-09,3.03
1999-02-10,3.01
1999-02-11,3.01
1999-02-12,2.99
1999-02-15,3.04
1999-02-16,3.04
1999-02-17,3.07
1999-02-18,3.04
1999-02-19,3.04
1999-02-22,3.01
1999-02-23,2.98
1999-02-24,3.01
1999-02-25,3.04
1999-02-26,3.13
1999-03-01,3.15
1999-03-02,3.23
1999-03-03,3.2
1999-03-04,3.24
1999-03-05,3.17
1999-03-08,3.12
1999-03-09,3.1
1999-03-10,3.09
1999-03-11,3.08
1999-03-12,3.01
1999-03-15,3.02
1999-03-16,3.16
1999-03-17,3.02
1999-03-18,2.99
1999-03-19,2.99
1999-03-22,3.02
1999-03-23,3.04
1999-03-24,3.01
1999-03-25,2.98
1999-03-26,2.98
1999-03-29,2.97
1999-03-30,2.98
1999-03-31,2.94
1999-04-01,2.9
1999-04-06,2.86
1999-04-07,2.87
1999-04-08,2.88
1999-04-09,2.79
1999-04-12,2.78
1999-04-13,2.79
1999-04-14,2.79
1999-04-15,2.8
1999-04-16,2.81
1999-04-19,2.81
1999-04-20,2.76
1999-04-21,2.73
1999-04-22,2.72
1999-04-23,2.73
1999-04-26,2.72
1999-04-27,2.71
1999-04-28,2.72
1999-04-29,2.74
1999-04-30,2.73
1999-05-03,2.76
1999-05-04,2.77
1999-05-05,2.78
1999-05-06,2.77
1999-05-07,2.79
1999-05-10,2.77
1999-05-11,2.77
1999-05-12,2.76
1999-05-14,2.75
1999-05-17,2.77
1999-05-18,2.8
1999-05-19,2.85
1999-05-20,2.85
1999-05-21,2.82
1999-05-25,2.81
1999-05-26,2.77
1999-05-27,2.8
1999-05-28,2.83
1999-05-31,2.84
1999-06-01,2.92
1999-06-02,3.0
1999-06-04,3.0
1999-06-07,3.01
1999-06-08,2.96
1999-06-09,2.96
1999-06-10,3.01
1999-06-11,3.07
1999-06-14,3.08
1999-06-15,3.06
1999-06-16,3.08
1999-06-17,3.07
1999-06-18,3.05
1999-06-21,3.04
1999-06-22,3.13
1999-06-23,3.18
1999-06-24,3.2
1999-06-25,3.27
1999-06-28,3.28
1999-06-29,3.28
1999-06-30,3.27
1999-07-01,3.19
1999-07-02,3.28
1999-07-05,3.24
1999-07-06,3.28
1999-07-07,3.3
1999-07-08,3.38
1999-07-09,3.37
1999-07-12,3.39
1999-07-13,3.33
1999-07-14,3.29
1999-07-15,3.23
1999-07-16,3.45
1999-07-19,3.49
1999-07-20,3.46
1999-07-21,3.37
1999-07-22,3.34
1999-07-23,3.39
1999-07-26,3.37
1999-07-27,3.36
1999-07-28,3.37
1999-07-29,3.42
1999-07-30,3.46
1999-08-02,3.62
1999-08-03,3.67
1999-08-04,3.6
1999-08-05,3.64
1999-08-06,3.63
1999-08-09,3.73
1999-08-10,3.72
1999-08-11,3.63
1999-08-12,3.62
1999-08-13,3.62
1999-08-16,3.6
1999-08-17,3.6
1999-08-18,3.5
1999-08-19,3.53
1999-08-20,3.48
1999-08-23,3.44
1999-08-24,3.52
1999-08-25,3.49
1999-08-26,3.47
1999-08-27,3.55
1999-08-30,3.62
1999-08-31,3.62
1999-09-01,3.65
1999-09-02,3.66
1999-09-03,3.65
1999-09-06,3.56
1999-09-07,3.6
1999-09-08,3.65
1999-09-09,3.69
1999-09-10,3.71
1999-09-13,3.75
1999-09-14,3.72
1999-09-15,3.76
1999-09-16,3.74
1999-09-17,3.64
1999-09-20,3.6
1999-09-21,3.72
1999-09-22,3.69
1999-09-23,3.7
1999-09-24,3.58
1999-09-27,3.6
1999-09-28,3.69
1999-09-29,3.69
1999-09-30,3.73
1999-10-01,3.82
1999-10-04,3.92
1999-10-05,3.91
1999-10-06,3.97
1999-10-07,3.98
1999-10-08,3.93
1999-10-11,3.99
1999-10-12,4.05
1999-10-13,4.04
1999-10-14,4.13
1999-10-15,4.18
1999-10-18,4.1
1999-10-19,4.15
1999-10-20,4.19
1999-10-21,4.18
1999-10-22,4.14
1999-10-25,4.15
1999-10-26,4.21
1999-10-27,4.16
1999-10-28,4.11
1999-10-29,4.04
1999-11-01,4.07
1999-11-02,4.07
1999-11-03,4.04
1999-11-04,4.01
1999-11-05,3.95
1999-11-08,3.93
1999-11-09,3.86
1999-11-10,3.88
1999-11-11,3.93
1999-11-12,3.84
1999-11-15,3.85
1999-11-16,3.84
1999-11-17,3.9
1999-11-18,3.97
1999-11-19,3.98
1999-11-22,4.06
1999-11-23,4.02
1999-11-24,4.07
1999-11-25,4.1
1999-11-26,4.14
1999-11-29,4.12
1999-11-30,4.1
1999-12-01,4.07
1999-12-02,4.09
1999-12-03,4.15
1999-12-06,4.08
1999-12-07,4.02
1999-12-08,4.05
1999-12-09,4.07
1999-12-10,4.04
1999-12-13,4.02
1999-12-14,4.06
1999-12-15,4.08
1999-12-16,4.16
1999-12-17,4.22
1999-12-20,4.21
1999-12-21,4.21
1999-12-22,4.23
1999-12-23,4.2
1999-12-27,4.22
1999-12-28,4.23
1999-12-29,4.22
1999-12-30,4.26
2000-01-03,4.31
2000-01-04,4.39
2000-01-05,4.39
2000-01-06,4.38
2000-01-07,4.34
2000-01-10,4.27
2000-01-11,4.32
2000-01-12,4.37
2000-01-13,4.36
2000-01-14,4.32
2000-01-17,4.35
2000-01-18,4.38
2000-01-19,4.39
2000-01-20,4.38
2000-01-21,4.36
2000-01-24,4.38
2000-01-25,4.37
2000-01-26,4.36
2000-01-27,4.42
2000-01-28,4.48
2000-01-31,4.48
2000-02-01,4.47
2000-02-02,4.43
2000-02-03,4.46
2000-02-04,4.4
2000-02-07,4.5
2000-02-08,4.49
2000-02-09,4.5
2000-02-10,4.5
2000-02-11,4.53
2000-02-14,4.52
2000-02-15,4.51
2000-02-16,4.54
2000-02-17,4.51
2000-02-18,4.6
2000-02-21,4.62
2000-02-22,4.56
2000-02-23,4.53
2000-02-24,4.5
2000-02-25,4.43
2000-02-28,4.5
2000-02-29,4.51
2000-03-01,4.53
2000-03-02,4.55
2000-03-03,4.56
2000-03-06,4.55
2000-03-07,4.55
2000-03-08,4.56
2000-03-09,4.55
2000-03-10,4.51
2000-03-13,4.55
2000-03-14,4.56
2000-03-15,4.57
2000-03-16,4.58
2000-03-17,4.52
2000-03-20,4.51
2000-03-21,4.48
2000-03-22,4.48
2000-03-23,4.47
2000-03-24,4.48
2000-03-27,4.53
2000-03-28,4.53
2000-03-29,4.52
2000-03-30,4.53
2000-03-31,4.48
2000-04-03,4.5
2000-04-04,4.47
2000-04-05,4.42
2000-04-06,4.41
2000-04-07,4.46
2000-04-10,4.45
2000-04-11,4.44
2000-04-12,4.49
2000-04-13,4.5
2000-04-14,4.51
2000-04-17,4.49
2000-04-18,4.51
2000-04-19,4.54
2000-04-20,4.57
2000-04-25,4.63
2000-04-26,4.66
2000-04-27,4.64
2000-04-28,4.7
2000-05-02,4.73
2000-05-03,4.81
2000-05-04,4.93
2000-05-05,4.9
2000-05-08,4.9
2000-05-09,4.9
2000-05-10,4.87
2000-05-11,4.87
2000-05-12,4.99
2000-05-15,4.99
2000-05-16,4.97
2000-05-17,5.05
2000-05-18,5.09
2000-05-19,5.1
2000-05-22,5.09
2000-05-23,5.03
2000-05-24,4.98
2000-05-25,4.99
2000-05-26,4.95
2000-05-29,4.93
2000-05-30,4.92
2000-05-31,5.02
2000-06-01,5.03
2000-06-02,4.97
2000-06-05,4.84
2000-06-06,4.85
2000-06-07,4.79
2000-06-08,4.84
2000-06-09,5.04
2000-06-12,5.02
2000-06-13,5.02
2000-06-14,4.93
2000-06-15,4.92
2000-06-16,4.86
2000-06-19,4.83
2000-06-20,4.89
2000-06-21,4.97
2000-06-22,5.04
2000-06-23,5.04
2000-06-26,5.08
2000-06-27,5.03
2000-06-28,5.05
2000-06-29,5.05
2000-06-30,4.99
2000-07-03,5.05
2000-07-04,5.04
2000-07-05,5.04
2000-07-06,4.98
2000-07-07,5.05
2000-07-10,5.05
2000-07-11,5.06
2000-07-12,5.06
2000-07-13,5.13
2000-07-14,5.12
2000-07-17,5.17
2000-07-18,5.16
2000-07-19,5.22
2000-07-20,5.22
2000-07-21,5.16
2000-07-24,5.18
2000-07-25,5.15
2000-07-26,5.15
2000-07-27,5.16
2000-07-28,5.17
2000-07-31,5.16
2000-08-01,5.14
2000-08-02,5.12
2000-08-03,5.15
2000-08-04,5.14
2000-08-07,5.09
2000-08-08,5.1
2000-08-09,5.13
2000-08-10,5.1
2000-08-11,5.15
2000-08-14,5.2
2000-08-15,5.21
2000-08-16,5.27
2000-08-17,5.26
2000-08-18,5.26
2000-08-21,5.32
2000-08-22,5.3
2000-08-23,5.28
2000-08-24,5.25
2000-08-25,5.29
2000-08-28,5.28
2000-08-29,5.29
2000-08-30,5.3
2000-08-31,5.26
2000-09-01,5.22
2000-09-04,5.13
2000-09-05,5.16
2000-09-06,5.2
2000-09-07,5.25
2000-09-08,5.22
2000-09-11,5.26
2000-09-12,5.22
2000-09-13,5.19
2000-09-14,5.15
2000-09-15,5.12
2000-09-18,5.12
2000-09-19,5.07
2000-09-20,5.09
2000-09-21,5.08
2000-09-22,5.04
2000-09-25,5.08
2000-09-26,5.12
2000-09-27,5.09
2000-09-28,5.09
2000-09-29,5.1
2000-10-02,5.06
2000-10-04,5.05
2000-10-05,5.1
2000-10-06,5.1
2000-10-09,5.08
2000-10-10,5.09
2000-10-11,5.06
2000-10-12,5.05
2000-10-13,4.99
2000-10-16,5.06
2000-10-17,5.06
2000-10-18,5.04
2000-10-19,5.08
2000-10-20,5.12
2000-10-23,5.11
2000-10-24,5.13
2000-10-25,5.13
2000-10-26,5.14
2000-10-27,5.13
2000-10-30,5.11
2000-10-31,5.12
2000-11-01,5.1
2000-11-02,5.08
2000-11-03,5.07
2000-11-06,5.1
2000-11-07,5.1
2000-11-08,5.11
2000-11-09,5.11
2000-11-10,5.08
2000-11-13,5.04
2000-11-14,5.01
2000-11-15,5.03
2000-11-16,4.99
2000-11-17,4.99
2000-11-20,5.03
2000-11-21,5.04
2000-11-22,5.02
2000-11-23,5.02
2000-11-24,5.04
2000-11-27,5.04
2000-11-28,5.0
2000-11-29,4.96
2000-11-30,4.9
2000-12-01,4.88
2000-12-04,4.82
2000-12-05,4.86
2000-12-06,4.74
2000-12-07,4.71
2000-12-08,4.72
2000-12-11,4.79
2000-12-12,4.79
2000-12-13,4.74
2000-12-14,4.69
2000-12-15,4.67
2000-12-18,4.64
2000-12-19,4.64
2000-12-20,4.57
2000-12-21,4.55
2000-12-22,4.55
2000-12-27,4.51
2000-12-28,4.55
2000-12-29,4.51
2001-01-02,4.44
2001-01-03,4.36
2001-01-04,4.32
2001-01-05,4.24
2001-01-08,4.24
2001-01-09,4.3
2001-01-10,4.37
2001-01-11,4.38
2001-01-12,4.42
2001-01-15,4.48
2001-01-16,4.42
2001-01-17,4.49
2001-01-18,4.43
2001-01-19,4.41
2001-01-22,4.41
2001-01-23,4.42
2001-01-24,4.47
2001-01-25,4.52
2001-01-26,4.49
2001-01-29,4.52
2001-01-30,4.5
2001-01-31,4.39
2001-02-01,4.37
2001-02-02,4.4
2001-02-05,4.42
2001-02-06,4.41
2001-02-07,4.43
2001-02-08,4.41
2001-02-09,4.45
2001-02-12,4.42
2001-02-13,4.41
2001-02-14,4.45
2001-02-15,4.48
2001-02-16,4.49
2001-02-19,4.49
2001-02-20,4.52
2001-02-21,4.51
2001-02-22,4.55
2001-02-23,4.55
2001-02-26,4.5
2001-02-27,4.43
2001-02-28,4.36
2001-03-01,4.35
2001-03-02,4.39
2001-03-05,4.41
2001-03-06,4.44
2001-03-07,4.4
2001-03-08,4.38
2001-03-09,4.37
2001-03-12,4.4
2001-03-13,4.4
2001-03-14,4.4
2001-03-15,4.32
2001-03-16,4.28
2001-03-19,4.28
2001-03-20,4.3
2001-03-21,4.23
2001-03-22,4.16
2001-03-23,4.15
2001-03-26,4.15
2001-03-27,4.13
2001-03-28,4.21
2001-03-29,4.19
2001-03-30,4.2
2001-04-02,4.16
2001-04-03,4.21
2001-04-04,4.17
2001-04-05,4.23
2001-04-06,4.23
2001-04-09,4.16
2001-04-10,4.17
2001-04-11,4.24
2001-04-12,4.42
2001-04-17,4.44
2001-04-18,4.52
2001-04-19,4.41
2001-04-20,4.49
2001-04-23,4.45
2001-04-24,4.57
2001-04-25,4.53
2001-04-26,4.5
2001-04-27,4.46
2001-04-30,4.61
2001-05-02,4.62
2001-05-03,4.61
2001-05-04,4.56
2001-05-07,4.52
2001-05-08,4.5
2001-05-09,4.49
2001-05-10,4.44
2001-05-11,4.31
2001-05-14,4.41
2001-05-15,4.38
2001-05-16,4.38
2001-05-17,4.41
2001-05-18,4.39
2001-05-21,4.47
2001-05-22,4.43
2001-05-23,4.49
2001-05-24,4.43
2001-05-25,4.45
2001-05-28,4.43
2001-05-29,4.4
2001-05-30,4.4
2001-05-31,4.41
2001-06-01,4.37
2001-06-04,4.32
2001-06-05,4.32
2001-06-06,4.27
2001-06-07,4.29
2001-06-08,4.3
2001-06-11,4.3
2001-06-12,4.35
2001-06-13,4.38
2001-06-14,4.38
2001-06-15,4.3
2001-06-18,4.29
2001-06-19,4.27
2001-06-20,4.25
2001-06-21,4.23
2001-06-22,4.21
2001-06-25,4.18
2001-06-26,4.18
2001-06-27,4.21
2001-06-28,4.19
2001-06-29,4.3
2001-07-02,4.29
2001-07-03,4.26
2001-07-04,4.33
2001-07-05,4.35
2001-07-06,4.38
2001-07-09,4.35
2001-07-10,4.36
2001-07-11,4.29
2001-07-12,4.32
2001-07-13,4.28
2001-07-16,4.29
2001-07-17,4.29
2001-07-18,4.31
2001-07-19,4.23
2001-07-20,4.24
2001-07-23,4.22
2001-07-24,4.2
2001-07-25,4.21
2001-07-26,4.26
2001-07-27,4.19
2001-07-30,4.17
2001-07-31,4.15
2001-08-01,4.15
2001-08-02,4.14
2001-08-03,4.19
2001-08-06,4.1
2001-08-07,4.13
2001-08-08,4.14
2001-08-09,4.09
2001-08-10,4.05
2001-08-13,4.04
2001-08-14,4.03
2001-08-15,4.06
2001-08-16,4.03
2001-08-17,4.0
2001-08-20,3.97
2001-08-21,3.99
2001-08-22,4.02
2001-08-23,4.02
2001-08-24,4.06
2001-08-27,4.09
2001-08-28,4.04
2001-08-29,4.02
2001-08-30,4.02
2001-08-31,3.91
2001-09-03,3.9
2001-09-04,3.94
2001-09-05,4.08
2001-09-06,4.05
2001-09-07,4.0
2001-09-10,3.91
2001-09-11,3.96
2001-09-12,3.7
2001-09-13,3.73
2001-09-14,3.66
2001-09-17,3.65
2001-09-18,3.56
2001-09-19,3.6
2001-09-20,3.54
2001-09-21,3.54
2001-09-24,3.59
2001-09-25,3.56
2001-09-26,3.57
2001-09-27,3.54
2001-09-28,3.5
2001-10-01,3.53
2001-10-02,3.49
2001-10-03,3.41
2001-10-04,3.41
2001-10-05,3.37
2001-10-08,3.36
2001-10-09,3.41
2001-10-10,3.46
2001-10-11,3.46
2001-10-12,3.52
2001-10-15,3.46
2001-10-16,3.45
2001-10-17,3.44
2001-10-18,3.44
2001-10-19,3.37
2001-10-22,3.4
2001-10-23,3.41
2001-10-24,3.4
2001-10-25,3.38
2001-10-26,3.34
2001-10-29,3.26
2001-10-30,3.2
2001-10-31,3.19
2001-11-01,3.17
2001-11-02,3.15
2001-11-05,3.13
2001-11-06,3.06
2001-11-07,3.02
2001-11-08,2.97
2001-11-09,3.04
2001-11-12,3.12
2001-11-13,3.12
2001-11-14,3.18
2001-11-15,3.34
2001-11-16,3.43
2001-11-19,3.5
2001-11-20,3.38
2001-11-21,3.41
2001-11-22,3.57
2001-11-23,3.52
2001-11-26,3.51
2001-11-27,3.57
2001-11-28,3.56
2001-11-29,3.51
2001-11-30,3.43
2001-12-03,3.37
2001-12-04,3.41
2001-12-05,3.44
2001-12-06,3.68
2001-12-07,3.69
2001-12-10,3.71
2001-12-11,3.64
2001-12-12,3.59
2001-12-13,3.54
2001-12-14,3.62
2001-12-17,3.7
2001-12-18,3.66
2001-12-19,3.58
2001-12-20,3.57
2001-12-21,3.6
2001-12-27,3.71
2001-12-28,3.7
2002-01-02,3.63
2002-01-03,3.65
2002-01-04,3.68
2002-01-07,3.73
2002-01-08,3.66
2002-01-09,3.71
2002-01-10,3.76
2002-01-11,3.77
2002-01-14,3.7
2002-01-15,3.76
2002-01-16,3.73
2002-01-17,3.76
2002-01-18,3.77
2002-01-21,3.78
2002-01-22,3.81
2002-01-23,3.85
2002-01-24,3.86
2002-01-25,3.97
2002-01-28,4.01
2002-01-29,3.96
2002-01-30,3.92
2002-01-31,4.02
2002-02-01,3.98
2002-02-04,3.91
2002-02-05,3.88
2002-02-06,3.82
2002-02-07,3.86
2002-02-08,3.92
2002-02-11,3.92
2002-02-12,3.93
2002-02-13,3.97
2002-02-14,3.97
2002-02-15,3.96
2002-02-18,3.9
2002-02-19,3.9
2002-02-20,3.97
2002-02-21,3.98
2002-02-22,3.89
2002-02-25,3.9
2002-02-26,3.98
2002-02-27,3.98
2002-02-28,3.91
2002-03-01,3.94
2002-03-04,4.03
2002-03-05,4.04
2002-03-06,4.09
2002-03-07,4.1
2002-03-08,4.17
2002-03-11,4.19
2002-03-12,4.19
2002-03-13,4.23
2002-03-14,4.24
2002-03-15,4.25
2002-03-18,4.29
2002-03-19,4.27
2002-03-20,4.21
2002-03-21,4.29
2002-03-22,4.32
2002-03-25,4.38
2002-03-26,4.38
2002-03-27,4.34
2002-03-28,4.3
2002-04-02,4.37
2002-04-03,4.33
2002-04-04,4.29
2002-04-05,4.28
2002-04-08,4.22
2002-04-09,4.25
2002-04-10,4.21
2002-04-11,4.26
2002-04-12,4.23
2002-04-15,4.17
2002-04-16,4.18
2002-04-17,4.25
2002-04-18,4.22
2002-04-19,4.2
2002-04-22,4.18
2002-04-23,4.16
2002-04-24,4.19
2002-04-25,4.08
2002-04-26,4.1
2002-04-29,4.1
2002-04-30,4.1
2002-05-02,4.11
2002-05-03,4.22
2002-05-06,4.18
2002-05-07,4.11
2002-05-08,4.16
2002-05-09,4.27
2002-05-10,4.26
2002-05-13,4.29
2002-05-14,4.4
2002-05-15,4.4
2002-05-16,4.38
2002-05-17,4.42
2002-05-20,4.4
2002-05-21,4.37
2002-05-22,4.26
2002-05-23,4.3
2002-05-24,4.27
2002-05-27,4.32
2002-05-28,4.32
2002-05-29,4.32
2002-05-30,4.24
2002-05-31,4.27
2002-06-03,4.32
2002-06-04,4.26
2002-06-05,4.24
2002-06-06,4.27
2002-06-07,4.21
2002-06-10,4.21
2002-06-11,4.23
2002-06-12,4.21
2002-06-13,4.22
2002-06-14,4.07
2002-06-17,4.13
2002-06-18,4.05
2002-06-19,4.05
2002-06-20,4.06
2002-06-21,4.08
2002-06-24,4.04
2002-06-25,4.04
2002-06-26,3.95
2002-06-27,4.02
2002-06-28,3.99
2002-07-01,3.99
2002-07-02,3.96
2002-07-03,3.95
2002-07-04,4.02
2002-07-05,4.03
2002-07-08,4.02
2002-07-09,4.05
2002-07-10,3.93
2002-07-11,3.89
2002-07-12,3.96
2002-07-15,3.9
2002-07-16,3.78
2002-07-17,3.9
2002-07-18,3.91
2002-07-19,3.82
2002-07-22,3.79
2002-07-23,3.8
2002-07-24,3.67
2002-07-25,3.69
2002-07-26,3.64
2002-07-29,3.66
2002-07-30,3.73
2002-07-31,3.7
2002-08-01,3.63
2002-08-02,3.53
2002-08-05,3.38
2002-08-06,3.46
2002-08-07,3.53
2002-08-08,3.48
2002-08-09,3.48
2002-08-12,3.49
2002-08-13,3.48
2002-08-14,3.41
2002-08-15,3.55
2002-08-16,3.63
2002-08-19,3.65
2002-08-20,3.62
2002-08-21,3.66
2002-08-22,3.7
2002-08-23,3.68
2002-08-26,3.7
2002-08-27,3.65
2002-08-28,3.64
2002-08-29,3.53
2002-08-30,3.49
2002-09-02,3.42
2002-09-03,3.4
2002-09-04,3.33
2002-09-05,3.25
2002-09-06,3.23
2002-09-09,3.34
2002-09-10,3.4
2002-09-11,3.43
2002-09-12,3.4
2002-09-13,3.31
2002-09-16,3.29
2002-09-17,3.3
2002-09-18,3.23
2002-09-19,3.27
2002-09-20,3.25
2002-09-23,3.21
2002-09-24,3.16
2002-09-25,3.24
2002-09-26,3.21
2002-09-27,3.19
2002-09-30,3.16
2002-10-01,3.09
2002-10-02,3.19
2002-10-03,3.1
2002-10-04,3.12
2002-10-07,3.0
2002-10-08,3.08
2002-10-09,3.09
2002-10-10,3.05
2002-10-11,3.2
2002-10-14,3.22
2002-10-15,3.3
2002-10-16,3.34
2002-10-17,3.43
2002-10-18,3.31
2002-10-21,3.27
2002-10-22,3.31
2002-10-23,3.3
2002-10-24,3.3
2002-10-25,3.31
2002-10-28,3.23
2002-10-29,3.22
2002-10-30,3.15
2002-10-31,3.2
2002-11-01,3.11
2002-11-04,3.16
2002-11-05,3.16
2002-11-06,3.23
2002-11-07,3.19
2002-11-08,3.13
2002-11-11,3.07
2002-11-12,3.06
2002-11-13,3.06
2002-11-14,3.07
2002-11-15,3.11
2002-11-18,3.14
2002-11-19,3.09
2002-11-20,3.11
2002-11-21,3.09
2002-11-22,3.1
2002-11-25,3.19
2002-11-26,3.12
2002-11-27,3.16
2002-11-28,3.18
2002-11-29,3.16
2002-12-02,3.16
2002-12-03,3.18
2002-12-04,3.15
2002-12-05,3.14
2002-12-06,3.1
2002-12-09,3.02
2002-12-10,3.02
2002-12-11,3.01
2002-12-12,2.93
2002-12-13,2.88
2002-12-16,2.92
2002-12-17,2.91
2002-12-18,2.86
2002-12-19,2.86
2002-12-20,2.84
2002-12-23,2.86
2002-12-27,2.81
2002-12-30,2.79
2003-01-02,2.76
2003-01-03,2.84
2003-01-06,2.83
2003-01-07,2.76
2003-01-08,2.75
2003-01-09,2.7
2003-01-10,2.76
2003-01-13,2.75
2003-01-14,2.8
2003-01-15,2.75
2003-01-16,2.7
2003-01-17,2.72
2003-01-20,2.68
2003-01-21,2.68
2003-01-22,2.65
2003-01-23,2.63
2003-01-24,2.64
2003-01-27,2.62
2003-01-28,2.67
2003-01-29,2.63
2003-01-30,2.66
2003-01-31,2.63
2003-02-03,2.63
2003-02-04,2.6
2003-02-05,2.6
2003-02-06,2.63
2003-02-07,2.57
2003-02-10,2.54
2003-02-11,2.57
2003-02-12,2.49
2003-02-13,2.45
2003-02-14,2.46
2003-02-17,2.47
2003-02-18,2.48
2003-02-19,2.51
2003-02-20,2.45
2003-02-21,2.46
2003-02-24,2.39
2003-02-25,2.38
2003-02-26,2.36
2003-02-27,2.38
2003-02-28,2.42
2003-03-03,2.39
2003-03-04,2.33
2003-03-05,2.35
2003-03-06,2.38
2003-03-07,2.36
2003-03-10,2.28
2003-03-11,2.33
2003-03-12,2.34
2003-03-13,2.48
2003-03-14,2.54
2003-03-17,2.53
2003-03-18,2.67
2003-03-19,2.63
2003-03-20,2.68
2003-03-21,2.67
2003-03-24,2.61
2003-03-25,2.61
2003-03-26,2.69
2003-03-27,2.59
2003-03-28,2.58
2003-03-31,2.48
2003-04-01,2.47
2003-04-02,2.56
2003-04-03,2.59
2003-04-04,2.56
2003-04-07,2.65
2003-04-08,2.6
2003-04-09,2.58
2003-04-10,2.53
2003-04-11,2.61
2003-04-14,2.68
2003-04-15,2.7
2003-04-16,2.71
2003-04-17,2.64
2003-04-22,2.61
2003-04-23,2.61
2003-04-24,2.59
2003-04-25,2.53
2003-04-28,2.51
2003-04-29,2.57
2003-04-30,2.56
2003-05-02,2.45
2003-05-05,2.48
2003-05-06,2.44
2003-05-07,2.41
2003-05-08,2.34
2003-05-09,2.4
2003-05-12,2.36
2003-05-13,2.38
2003-05-14,2.34
2003-05-15,2.29
2003-05-16,2.29
2003-05-19,2.23
2003-05-20,2.28
2003-05-21,2.24
2003-05-22,2.24
2003-05-23,2.24
2003-05-26,2.2
2003-05-27,2.16
2003-05-28,2.24
2003-05-29,2.26
2003-05-30,2.16
2003-06-02,2.21
2003-06-03,2.17
2003-06-04,2.1
2003-06-05,2.13
2003-06-06,2.04
2003-06-09,2.03
2003-06-10,2.05
2003-06-11,2.01
2003-06-12,1.99
2003-06-13,1.95
2003-06-16,1.96
2003-06-17,1.99
2003-06-18,2.09
2003-06-19,2.1
2003-06-20,2.05
2003-06-23,2.11
2003-06-24,2.07
2003-06-25,2.05
2003-06-26,2.16
2003-06-27,2.26
2003-06-30,2.21
2003-07-01,2.15
2003-07-02,2.23
2003-07-03,2.21
2003-07-04,2.18
2003-07-07,2.22
2003-07-08,2.24
2003-07-09,2.22
2003-07-10,2.22
2003-07-11,2.23
2003-07-14,2.17
2003-07-15,2.21
2003-07-16,2.34
2003-07-17,2.29
2003-07-18,2.34
2003-07-21,2.36
2003-07-22,2.39
2003-07-23,2.37
2003-07-24,2.34
2003-07-25,2.36
2003-07-28,2.38
2003-07-29,2.4
2003-07-30,2.4
2003-07-31,2.41
2003-08-01,2.64
2003-08-04,2.65
2003-08-05,2.64
2003-08-06,2.65
2003-08-07,2.6
2003-08-08,2.54
2003-08-11,2.53
2003-08-12,2.57
2003-08-13,2.56
2003-08-14,2.64
2003-08-15,2.66
2003-08-18,2.67
2003-08-19,2.71
2003-08-20,2.62
2003-08-21,2.7
2003-08-22,2.7
2003-08-25,2.68
2003-08-26,2.7
2003-08-27,2.7
2003-08-28,2.73
2003-08-29,2.7
2003-09-01,2.71
2003-09-02,2.8
2003-09-03,2.83
2003-09-04,2.77
2003-09-05,2.75
2003-09-08,2.64
2003-09-09,2.65
2003-09-10,2.63
2003-09-11,2.61
2003-09-12,2.65
2003-09-15,2.59
2003-09-16,2.59
2003-09-17,2.57
2003-09-18,2.54
2003-09-19,2.51
2003-09-22,2.46
2003-09-23,2.49
2003-09-24,2.48
2003-09-25,2.4
2003-09-26,2.41
2003-09-29,2.41
2003-09-30,2.37
2003-10-01,2.33
2003-10-02,2.41
2003-10-03,2.49
2003-10-06,2.56
2003-10-07,2.54
2003-10-08,2.6
2003-10-09,2.56
2003-10-10,2.62
2003-10-13,2.65
2003-10-14,2.69
2003-10-15,2.68
2003-10-16,2.72
2003-10-17,2.81
2003-10-20,2.78
2003-10-21,2.74
2003-10-22,2.75
2003-10-23,2.66
2003-10-24,2.72
2003-10-27,2.73
2003-10-28,2.75
2003-10-29,2.74
2003-10-30,2.77
2003-10-31,2.77
2003-11-03,2.78
2003-11-04,2.83
2003-11-05,2.81
2003-11-06,2.85
2003-11-07,2.88
2003-11-10,2.89
2003-11-11,2.89
2003-11-12,2.9
2003-11-13,2.88
2003-11-14,2.75
2003-11-17,2.7
2003-11-18,2.73
2003-11-19,2.64
2003-11-20,2.68
2003-11-21,2.69
2003-11-24,2.75
2003-11-25,2.79
2003-11-26,2.8
2003-11-27,2.89
2003-11-28,2.85
2003-12-01,2.91
2003-12-02,2.93
2003-12-03,2.89
2003-12-04,2.91
2003-12-05,2.86
2003-12-08,2.76
2003-12-09,2.75
2003-12-10,2.8
2003-12-11,2.8
2003-12-12,2.74
2003-12-15,2.73
2003-12-16,2.68
2003-12-17,2.67
2003-12-18,2.6
2003-12-19,2.62
2003-12-22,2.62
2003-12-23,2.64
2003-12-29,2.61
2003-12-30,2.66
2004-01-02,2.56
2004-01-05,2.64
2004-01-06,2.61
2004-01-07,2.6
2004-01-08,2.59
2004-01-09,2.53
2004-01-12,2.43
2004-01-13,2.44
2004-01-14,2.47
2004-01-15,2.48
2004-01-16,2.48
2004-01-19,2.47
2004-01-20,2.47
2004-01-21,2.45
2004-01-22,2.43
2004-01-23,2.42
2004-01-26,2.43
2004-01-27,2.49
2004-01-28,2.44
2004-01-29,2.55
2004-01-30,2.56
2004-02-02,2.56
2004-02-03,2.5
2004-02-04,2.47
2004-02-05,2.5
2004-02-06,2.51
2004-02-09,2.44
2004-02-10,2.42
2004-02-11,2.47
2004-02-12,2.42
2004-02-13,2.36
2004-02-16,2.42
2004-02-17,2.36
2004-02-18,2.34
2004-02-19,2.4
2004-02-20,2.42
2004-02-23,2.43
2004-02-24,2.37
2004-02-25,2.36
2004-02-26,2.31
2004-02-27,2.3
2004-03-01,2.34
2004-03-02,2.31
2004-03-03,2.41
2004-03-04,2.43
2004-03-05,2.38
2004-03-08,2.24
2004-03-09,2.25
2004-03-10,2.24
2004-03-11,2.21
2004-03-12,2.23
2004-03-15,2.21
2004-03-16,2.23
2004-03-17,2.21
2004-03-18,2.19
2004-03-19,2.21
2004-03-22,2.15
2004-03-23,2.18
2004-03-24,2.16
2004-03-25,2.1
2004-03-26,2.09
2004-03-29,2.11
2004-03-30,2.16
2004-03-31,2.19
2004-04-01,2.16
2004-04-02,2.29
2004-04-05,2.37
2004-04-06,2.39
2004-04-07,2.36
2004-04-08,2.37
2004-04-13,2.39
2004-04-14,2.43
2004-04-15,2.46
2004-04-16,2.43
2004-04-19,2.4
2004-04-20,2.44
2004-04-21,2.46
2004-04-22,2.46
2004-04-23,2.43
2004-04-26,2.54
2004-04-27,2.54
2004-04-28,2.52
2004-04-29,2.56
2004-04-30,2.56
2004-05-03,2.49
2004-05-04,2.49
2004-05-05,2.48
2004-05-06,2.5
2004-05-07,2.59
2004-05-10,2.68
2004-05-11,2.68
2004-05-12,2.66
2004-05-13,2.71
2004-05-14,2.75
2004-05-17,2.62
2004-05-18,2.64
2004-05-19,2.64
2004-05-20,2.66
2004-05-21,2.61
2004-05-24,2.69
2004-05-25,2.64
2004-05-26,2.66
2004-05-27,2.62
2004-05-28,2.63
2004-05-31,2.68
2004-06-01,2.7
2004-06-02,2.73
2004-06-03,2.69
2004-06-04,2.71
2004-06-07,2.74
2004-06-08,2.75
2004-06-09,2.76
2004-06-10,2.79
2004-06-11,2.83
2004-06-14,2.88
2004-06-15,2.87
2004-06-16,2.8
2004-06-17,2.86
2004-06-18,2.8
2004-06-21,2.83
2004-06-22,2.81
2004-06-23,2.8
2004-06-24,2.75
2004-06-25,2.73
2004-06-28,2.74
2004-06-29,2.78
2004-06-30,2.79
2004-07-01,2.76
2004-07-02,2.76
2004-07-05,2.69
2004-07-06,2.63
2004-07-07,2.66
2004-07-08,2.64
2004-07-09,2.61
2004-07-12,2.59
2004-07-13,2.71
2004-07-14,2.67
2004-07-15,2.68
2004-07-16,2.66
2004-07-19,2.62
2004-07-20,2.61
2004-07-21,2.69
2004-07-22,2.76
2004-07-23,2.72
2004-07-26,2.69
2004-07-27,2.76
2004-07-28,2.82
2004-07-29,2.79
2004-07-30,2.7
2004-08-02,2.66
2004-08-03,2.71
2004-08-04,2.64
2004-08-05,2.67
2004-08-06,2.59
2004-08-09,2.54
2004-08-10,2.53
2004-08-11,2.56
2004-08-12,2.55
2004-08-13,2.51
2004-08-16,2.51
2004-08-17,2.51
2004-08-18,2.52
2004-08-19,2.54
2004-08-20,2.52
2004-08-23,2.58
2004-08-24,2.6
2004-08-25,2.58
2004-08-26,2.59
2004-08-27,2.54
2004-08-30,2.54
2004-08-31,2.53
2004-09-01,2.54
2004-09-02,2.54
2004-09-03,2.6
2004-09-06,2.67
2004-09-07,2.67
2004-09-08,2.73
2004-09-09,2.66
2004-09-10,2.63
2004-09-13,2.67
2004-09-14,2.65
2004-09-15,2.64
2004-09-16,2.71
2004-09-17,2.61
2004-09-20,2.59
2004-09-21,2.67
2004-09-22,2.63
2004-09-23,2.62
2004-09-24,2.58
2004-09-27,2.61
2004-09-28,2.64
2004-09-29,2.6
2004-09-30,2.61
2004-10-01,2.63
2004-10-04,2.63
2004-10-05,2.66
2004-10-06,2.64
2004-10-07,2.64
2004-10-08,2.53
2004-10-11,2.54
2004-10-12,2.53
2004-10-13,2.53
2004-10-14,2.53
2004-10-15,2.52
2004-10-18,2.5
2004-10-19,2.51
2004-10-20,2.44
2004-10-21,2.45
2004-10-22,2.46
2004-10-25,2.42
2004-10-26,2.43
2004-10-27,2.43
2004-10-28,2.53
2004-10-29,2.52
2004-11-01,2.45
2004-11-02,2.53
2004-11-03,2.5
2004-11-04,2.48
2004-11-05,2.48
2004-11-08,2.56
2004-11-09,2.56
2004-11-10,2.54
2004-11-11,2.48
2004-11-12,2.41
2004-11-15,2.4
2004-11-16,2.43
2004-11-17,2.42
2004-11-18,2.43
2004-11-19,2.49
2004-11-22,2.5
2004-11-23,2.47
2004-11-24,2.42
2004-11-25,2.38
2004-11-26,2.42
2004-11-29,2.39
2004-11-30,2.41
2004-12-01,2.41
2004-12-02,2.36
2004-12-03,2.48
2004-12-06,2.34
2004-12-07,2.34
2004-12-08,2.35
2004-12-09,2.35
2004-12-10,2.36
2004-12-13,2.34
2004-12-14,2.34
2004-12-15,2.38
2004-12-16,2.37
2004-12-17,2.43
2004-12-20,2.42
2004-12-21,2.46
2004-12-22,2.46
2004-12-23,2.48
2004-12-27,2.44
2004-12-28,2.48
2004-12-29,2.5
2004-12-30,2.53
2005-01-03,2.48
2005-01-04,2.5
2005-01-05,2.51
2005-01-06,2.52
2005-01-07,2.45
2005-01-10,2.44
2005-01-11,2.46
2005-01-12,2.49
2005-01-13,2.45
2005-01-14,2.43
2005-01-17,2.43
2005-01-18,2.45
2005-01-19,2.43
2005-01-20,2.46
2005-01-21,2.43
2005-01-24,2.42
2005-01-25,2.44
2005-01-26,2.37
2005-01-27,2.45
2005-01-28,2.41
2005-01-31,2.44
2005-02-01,2.42
2005-02-02,2.42
2005-02-03,2.49
2005-02-04,2.5
2005-02-07,2.49
2005-02-08,2.48
2005-02-09,2.41
2005-02-10,2.4
2005-02-11,2.41
2005-02-14,2.42
2005-02-15,2.44
2005-02-16,2.47
2005-02-17,2.48
2005-02-18,2.48
2005-02-21,2.51
2005-02-22,2.47
2005-02-23,2.52
2005-02-24,2.52
2005-02-25,2.52
2005-02-28,2.57
2005-03-01,2.5
2005-03-02,2.53
2005-03-03,2.53
2005-03-04,2.5
2005-03-07,2.46
2005-03-08,2.45
2005-03-09,2.46
2005-03-10,2.5
2005-03-11,2.51
2005-03-14,2.53
2005-03-15,2.49
2005-03-16,2.51
2005-03-17,2.51
2005-03-18,2.53
2005-03-21,2.55
2005-03-22,2.56
2005-03-23,2.64
2005-03-24,2.63
2005-03-29,2.6
2005-03-30,2.59
2005-03-31,2.55
2005-04-01,2.49
2005-04-04,2.48
2005-04-05,2.49
2005-04-06,2.43
2005-04-07,2.46
2005-04-08,2.45
2005-04-11,2.39
2005-04-12,2.42
2005-04-13,2.4
2005-04-14,2.39
2005-04-15,2.4
2005-04-18,2.33
2005-04-19,2.34
2005-04-20,2.33
2005-04-21,2.35
2005-04-22,2.35
2005-04-25,2.34
2005-04-26,2.33
2005-04-27,2.34
2005-04-28,2.28
2005-04-29,2.27
2005-05-02,2.29
2005-05-03,2.28
2005-05-04,2.24
2005-05-05,2.27
2005-05-06,2.23
2005-05-09,2.31
2005-05-10,2.3
2005-05-11,2.26
2005-05-12,2.22
2005-05-13,2.24
2005-05-16,2.28
2005-05-17,2.27
2005-05-18,2.26
2005-05-19,2.3
2005-05-20,2.27
2005-05-23,2.32
2005-05-24,2.24
2005-05-25,2.24
2005-05-26,2.24
2005-05-27,2.21
2005-05-30,2.22
2005-05-31,2.21
2005-06-01,2.16
2005-06-02,2.13
2005-06-03,2.14
2005-06-06,2.15
2005-06-07,2.13
2005-06-08,2.05
2005-06-09,2.07
2005-06-10,2.11
2005-06-13,2.07
2005-06-14,2.1
2005-06-15,2.15
2005-06-16,2.21
2005-06-17,2.16
2005-06-20,2.16
2005-06-21,2.08
2005-06-22,2.0
2005-06-23,2.03
2005-06-24,2.03
2005-06-27,2.05
2005-06-28,2.04
2005-06-29,2.07
2005-06-30,2.04
2005-07-01,2.06
2005-07-04,2.09
2005-07-05,2.21
2005-07-06,2.18
2005-07-07,2.07
2005-07-08,2.16
2005-07-11,2.19
2005-07-12,2.22
2005-07-13,2.2
2005-07-14,2.26
2005-07-15,2.28
2005-07-18,2.25
2005-07-19,2.28
2005-07-20,2.26
2005-07-21,2.24
2005-07-22,2.24
2005-07-25,2.22
2005-07-26,2.24
2005-07-27,2.24
2005-07-28,2.27
2005-07-29,2.27
2005-08-01,2.3
2005-08-02,2.32
2005-08-03,2.34
2005-08-04,2.28
2005-08-05,2.31
2005-08-08,2.36
2005-08-09,2.34
2005-08-10,2.34
2005-08-11,2.34
2005-08-12,2.3
2005-08-15,2.26
2005-08-16,2.28
2005-08-17,2.27
2005-08-18,2.23
2005-08-19,2.24
2005-08-22,2.26
2005-08-23,2.21
2005-08-24,2.26
2005-08-25,2.26
2005-08-26,2.28
2005-08-29,2.27
2005-08-30,2.27
2005-08-31,2.25
2005-09-01,2.24
2005-09-02,2.12
2005-09-05,2.13
2005-09-06,2.19
2005-09-07,2.2
2005-09-08,2.21
2005-09-09,2.19
2005-09-12,2.23
2005-09-13,2.23
2005-09-14,2.21
2005-09-15,2.26
2005-09-16,2.25
2005-09-19,2.24
2005-09-20,2.23
2005-09-21,2.25
2005-09-22,2.21
2005-09-23,2.25
2005-09-26,2.3
2005-09-27,2.31
2005-09-28,2.32
2005-09-29,2.3
2005-09-30,2.39
2005-10-03,2.4
2005-10-04,2.4
2005-10-05,2.4
2005-10-06,2.4
2005-10-07,2.45
2005-10-10,2.44
2005-10-11,2.48
2005-10-12,2.44
2005-10-13,2.45
2005-10-14,2.47
2005-10-17,2.47
2005-10-18,2.49
2005-10-19,2.44
2005-10-20,2.45
2005-10-21,2.49
2005-10-24,2.45
2005-10-25,2.49
2005-10-26,2.56
2005-10-27,2.57
2005-10-28,2.61
2005-10-31,2.61
2005-11-01,2.62
2005-11-02,2.63
2005-11-03,2.66
2005-11-04,2.67
2005-11-07,2.75
2005-11-08,2.77
2005-11-09,2.7
2005-11-10,2.77
2005-11-11,2.77
2005-11-14,2.73
2005-11-15,2.79
2005-11-16,2.72
2005-11-17,2.69
2005-11-18,2.71
2005-11-21,2.83
2005-11-22,2.82
2005-11-23,2.75
2005-11-24,2.78
2005-11-25,2.7
2005-11-28,2.79
2005-11-29,2.74
2005-11-30,2.78
2005-12-01,2.75
2005-12-02,2.68
2005-12-05,2.73
2005-12-06,2.75
2005-12-07,2.71
2005-12-08,2.71
2005-12-09,2.74
2005-12-12,2.81
2005-12-13,2.8
2005-12-14,2.79
2005-12-15,2.78
2005-12-16,2.8
2005-12-19,2.8
2005-12-20,2.82
2005-12-21,2.87
2005-12-22,2.87
2005-12-23,2.85
2005-12-27,2.82
2005-12-28,2.83
2005-12-29,2.83
2005-12-30,2.86
2006-01-02,2.87
2006-01-03,2.9
2006-01-04,2.86
2006-01-05,2.77
2006-01-06,2.75
2006-01-09,2.77
2006-01-10,2.8
2006-01-11,2.81
2006-01-12,2.83
2006-01-13,2.8
2006-01-16,2.84
2006-01-17,2.8
2006-01-18,2.78
2006-01-19,2.87
2006-01-20,2.87
2006-01-23,2.88
2006-01-24,2.9
2006-01-25,2.91
2006-01-26,2.91
2006-01-27,2.93
2006-01-30,2.96
2006-01-31,2.97
2006-02-01,2.96
2006-02-02,2.99
2006-02-03,2.98
2006-02-06,2.97
2006-02-07,2.96
2006-02-08,2.95
2006-02-09,2.98
2006-02-10,2.94
2006-02-13,2.96
2006-02-14,2.96
2006-02-15,2.94
2006-02-16,2.97
2006-02-17,2.94
2006-02-20,2.91
2006-02-21,2.92
2006-02-22,2.97
2006-02-23,3.0
2006-02-24,3.01
2006-02-27,3.04
2006-02-28,3.05
2006-03-01,3.05
2006-03-02,3.06
2006-03-03,3.13
2006-03-06,3.13
2006-03-07,3.16
2006-03-08,3.15
2006-03-09,3.16
2006-03-10,3.16
2006-03-13,3.21
2006-03-14,3.18
2006-03-15,3.18
2006-03-16,3.22
2006-03-17,3.19
2006-03-20,3.22
2006-03-21,3.22
2006-03-22,3.22
2006-03-23,3.19
2006-03-24,3.21
2006-03-27,3.17
2006-03-28,3.25
2006-03-29,3.3
2006-03-30,3.31
2006-03-31,3.31
2006-04-03,3.35
2006-04-04,3.35
2006-04-05,3.33
2006-04-06,3.35
2006-04-07,3.27
2006-04-10,3.29
2006-04-11,3.29
2006-04-12,3.3
2006-04-13,3.32
2006-04-18,3.33
2006-04-19,3.31
2006-04-20,3.34
2006-04-21,3.32
2006-04-24,3.32
2006-04-25,3.38
2006-04-26,3.43
2006-04-27,3.48
2006-04-28,3.44
2006-05-02,3.42
2006-05-03,3.42
2006-05-04,3.43
2006-05-05,3.45
2006-05-08,3.42
2006-05-09,3.45
2006-05-10,3.47
2006-05-11,3.47
2006-05-12,3.48
2006-05-15,3.41
2006-05-16,3.36
2006-05-17,3.37
2006-05-18,3.39
2006-05-19,3.38
2006-05-22,3.33
2006-05-23,3.33
2006-05-24,3.34
2006-05-25,3.33
2006-05-26,3.34
2006-05-29,3.35
2006-05-30,3.38
2006-05-31,3.41
2006-06-01,3.44
2006-06-02,3.44
2006-06-05,3.42
2006-06-06,3.46
2006-06-07,3.47
2006-06-08,3.44
2006-06-09,3.39
2006-06-12,3.37
2006-06-13,3.32
2006-06-14,3.36
2006-06-15,3.42
2006-06-16,3.4
2006-06-19,3.43
2006-06-20,3.45
2006-06-21,3.5
2006-06-22,3.51
2006-06-23,3.53
2006-06-26,3.57
2006-06-27,3.63
2006-06-28,3.62
2006-06-29,3.61
2006-06-30,3.61
2006-07-03,3.59
2006-07-04,3.59
2006-07-05,3.63
2006-07-06,3.63
2006-07-07,3.64
2006-07-10,3.64
2006-07-11,3.62
2006-07-12,3.63
2006-07-13,3.6
2006-07-14,3.55
2006-07-17,3.54
2006-07-18,3.56
2006-07-19,3.62
2006-07-20,3.58
2006-07-21,3.56
2006-07-24,3.56
2006-07-25,3.52
2006-07-26,3.58
2006-07-27,3.54
2006-07-28,3.56
2006-07-31,3.55
2006-08-01,3.55
2006-08-02,3.52
2006-08-03,3.55
2006-08-04,3.63
2006-08-07,3.57
2006-08-08,3.56
2006-08-09,3.6
2006-08-10,3.56
2006-08-11,3.63
2006-08-14,3.67
2006-08-15,3.67
2006-08-16,3.66
2006-08-17,3.63
2006-08-18,3.66
2006-08-21,3.62
2006-08-22,3.56
2006-08-23,3.56
2006-08-24,3.56
2006-08-25,3.52
2006-08-28,3.53
2006-08-29,3.55
2006-08-30,3.55
2006-08-31,3.54
2006-09-01,3.54
2006-09-04,3.55
2006-09-05,3.57
2006-09-06,3.61
2006-09-07,3.62
2006-09-08,3.61
2006-09-11,3.64
2006-09-12,3.68
2006-09-13,3.65
2006-09-14,3.67
2006-09-15,3.67
2006-09-18,3.69
2006-09-19,3.68
2006-09-20,3.65
2006-09-21,3.67
2006-09-22,3.57
2006-09-25,3.5
2006-09-26,3.53
2006-09-27,3.55
2006-09-28,3.57
2006-09-29,3.56
2006-10-02,3.61
2006-10-03,3.58
2006-10-04,3.61
2006-10-05,3.59
2006-10-06,3.55
2006-10-09,3.62
2006-10-10,3.65
2006-10-11,3.66
2006-10-12,3.69
2006-10-13,3.67
2006-10-16,3.68
2006-10-17,3.66
2006-10-18,3.66
2006-10-19,3.66
2006-10-20,3.67
2006-10-23,3.72
2006-10-24,3.73
2006-10-25,3.75
2006-10-26,3.74
2006-10-27,3.74
2006-10-30,3.72
2006-10-31,3.71
2006-11-01,3.65
2006-11-02,3.66
2006-11-03,3.65
2006-11-06,3.73
2006-11-07,3.71
2006-11-08,3.71
2006-11-09,3.74
2006-11-10,3.69
2006-11-13,3.66
2006-11-14,3.71
2006-11-15,3.69
2006-11-16,3.71
2006-11-17,3.73
2006-11-20,3.67
2006-11-21,3.66
2006-11-22,3.67
2006-11-23,3.69
2006-11-24,3.67
2006-11-27,3.66
2006-11-28,3.64
2006-11-29,3.66
2006-11-30,3.68
2006-12-01,3.67
2006-12-04,3.6
2006-12-05,3.61
2006-12-06,3.65
2006-12-07,3.65
2006-12-08,3.7
2006-12-11,3.72
2006-12-12,3.73
2006-12-13,3.72
2006-12-14,3.77
2006-12-15,3.79
2006-12-18,3.79
2006-12-19,3.82
2006-12-20,3.82
2006-12-21,3.84
2006-12-22,3.84
2006-12-27,3.87
2006-12-28,3.89
2006-12-29,3.89
2007-01-02,3.88
2007-01-03,3.88
2007-01-04,3.88
2007-01-05,3.87
2007-01-08,3.91
2007-01-09,3.91
2007-01-10,3.92
2007-01-11,3.94
2007-01-12,3.92
2007-01-15,3.93
2007-01-16,3.94
2007-01-17,3.92
2007-01-18,3.97
2007-01-19,3.94
2007-01-22,3.95
2007-01-23,3.94
2007-01-24,3.96
2007-01-25,3.95
2007-01-26,3.99
2007-01-29,3.99
2007-01-30,3.98
2007-01-31,3.99
2007-02-01,3.96
2007-02-02,3.99
2007-02-05,3.91
2007-02-06,3.91
2007-02-07,3.94
2007-02-08,3.93
2007-02-09,3.98
2007-02-12,3.98
2007-02-13,3.99
2007-02-14,4.01
2007-02-15,3.97
2007-02-16,3.95
2007-02-19,3.98
2007-02-20,4.0
2007-02-21,3.96
2007-02-22,3.99
2007-02-23,3.99
2007-02-26,3.95
2007-02-27,3.93
2007-02-28,3.89
2007-03-01,3.91
2007-03-02,3.87
2007-03-05,3.81
2007-03-06,3.87
2007-03-07,3.88
2007-03-08,3.89
2007-03-09,3.9
2007-03-12,3.95
2007-03-13,3.92
2007-03-14,3.88
2007-03-15,3.91
2007-03-16,3.91
2007-03-19,3.95
2007-03-20,3.95
2007-03-21,3.94
2007-03-22,3.93
2007-03-23,3.95
2007-03-26,3.99
2007-03-27,4.0
2007-03-28,4.0
2007-03-29,4.02
2007-03-30,4.02
2007-04-02,4.04
2007-04-03,4.06
2007-04-04,4.05
2007-04-05,4.06
2007-04-10,4.09
2007-04-11,4.1
2007-04-12,4.11
2007-04-13,4.14
2007-04-16,4.15
2007-04-17,4.17
2007-04-18,4.13
2007-04-19,4.12
2007-04-20,4.15
2007-04-23,4.13
2007-04-24,4.12
2007-04-25,4.15
2007-04-26,4.16
2007-04-27,4.17
2007-04-30,4.17
2007-05-02,4.17
2007-05-03,4.19
2007-05-04,4.19
2007-05-07,4.2
2007-05-08,4.19
2007-05-09,4.19
2007-05-10,4.2
2007-05-11,4.14
2007-05-14,4.22
2007-05-15,4.24
2007-05-16,4.26
2007-05-17,4.29
2007-05-18,4.29
2007-05-21,4.29
2007-05-22,4.3
2007-05-23,4.34
2007-05-24,4.32
2007-05-25,4.34
2007-05-29,4.37
2007-05-30,4.37
2007-05-31,4.39
2007-06-01,4.4
2007-06-04,4.46
2007-06-05,4.43
2007-06-06,4.44
2007-06-07,4.44
2007-06-08,4.47
2007-06-11,4.46
2007-06-12,4.47
2007-06-13,4.54
2007-06-14,4.5
2007-06-15,4.52
2007-06-18,4.5
2007-06-19,4.49
2007-06-20,4.46
2007-06-21,4.53
2007-06-22,4.49
2007-06-25,4.46
2007-06-26,4.46
2007-06-27,4.44
2007-06-28,4.49
2007-06-29,4.48
2007-07-02,4.45
2007-07-03,4.46
2007-07-04,4.51
2007-07-05,4.52
2007-07-06,4.55
2007-07-09,4.56
2007-07-10,4.54
2007-07-11,4.48
2007-07-12,4.52
2007-07-13,4.55
2007-07-16,4.54
2007-07-17,4.5
2007-07-18,4.52
2007-07-19,4.53
2007-07-20,4.49
2007-07-23,4.43
2007-07-24,4.45
2007-07-25,4.42
2007-07-26,4.42
2007-07-27,4.33
2007-07-30,4.32
2007-07-31,4.33
2007-08-01,4.29
2007-08-02,4.33
2007-08-03,4.35
2007-08-06,4.3
2007-08-07,4.35
2007-08-08,4.4
2007-08-09,4.35
2007-08-10,4.25
2007-08-13,4.26
2007-08-14,4.25
2007-08-15,4.19
2007-08-16,4.08
2007-08-17,3.98
2007-08-20,4.02
2007-08-21,3.92
2007-08-22,3.98
2007-08-23,4.12
2007-08-24,4.04
2007-08-27,4.11
2007-08-28,4.05
2007-08-29,4.0
2007-08-30,4.04
2007-08-31,4.07
2007-09-03,4.05
2007-09-04,4.05
2007-09-05,4.07
2007-09-06,4.04
2007-09-07,4.0
2007-09-10,3.9
2007-09-11,3.89
2007-09-12,3.91
2007-09-13,3.94
2007-09-14,3.99
2007-09-17,3.99
2007-09-18,4.02
2007-09-19,4.06
2007-09-20,4.07
2007-09-21,4.09
2007-09-24,4.09
2007-09-25,4.05
2007-09-26,4.06
2007-09-27,4.13
2007-09-28,4.09
2007-10-01,4.06
2007-10-02,4.07
2007-10-03,4.02
2007-10-04,4.06
2007-10-05,4.0
2007-10-08,4.08
2007-10-09,4.08
2007-10-10,4.1
2007-10-11,4.14
2007-10-12,4.17
2007-10-15,4.28
2007-10-16,4.23
2007-10-17,4.22
2007-10-18,4.18
2007-10-19,4.08
2007-10-22,4.02
2007-10-23,4.04
2007-10-24,4.0
2007-10-25,4.0
2007-10-26,3.98
2007-10-29,4.02
2007-10-30,4.02
2007-10-31,4.07
2007-11-01,4.18
2007-11-02,4.05
2007-11-05,4.01
2007-11-06,4.04
2007-11-07,4.0
2007-11-08,3.96
2007-11-09,3.93
2007-11-12,3.91
2007-11-13,3.9
2007-11-14,3.99
2007-11-15,3.93
2007-11-16,3.87
2007-11-19,3.86
2007-11-20,3.8
2007-11-21,3.74
2007-11-22,3.75
2007-11-23,3.76
2007-11-26,3.76
2007-11-27,3.74
2007-11-28,3.8
2007-11-29,3.82
2007-11-30,3.81
2007-12-03,3.85
2007-12-04,3.78
2007-12-05,3.77
2007-12-06,3.78
2007-12-07,3.88
2007-12-10,3.94
2007-12-11,4.0
2007-12-12,3.99
2007-12-13,4.03
2007-12-14,4.05
2007-12-17,4.04
2007-12-18,4.05
2007-12-19,3.99
2007-12-20,4.03
2007-12-21,4.01
2007-12-27,4.06
2007-12-28,4.08
2008-01-02,4.03
2008-01-03,3.9
2008-01-04,3.88
2008-01-07,3.85
2008-01-08,3.87
2008-01-09,3.85
2008-01-10,3.82
2008-01-11,3.84
2008-01-14,3.75
2008-01-15,3.74
2008-01-16,3.68
2008-01-17,3.63
2008-01-18,3.55
2008-01-21,3.48
2008-01-22,3.34
2008-01-23,3.37
2008-01-24,3.41
2008-01-25,3.59
2008-01-28,3.47
2008-01-29,3.55
2008-01-30,3.53
2008-01-31,3.46
2008-02-01,3.44
2008-02-04,3.45
2008-02-05,3.42
2008-02-06,3.28
2008-02-07,3.32
2008-02-08,3.2
2008-02-11,3.17
2008-02-12,3.14
2008-02-13,3.22
2008-02-14,3.25
2008-02-15,3.26
2008-02-18,3.27
2008-02-19,3.24
2008-02-20,3.34
2008-02-21,3.41
2008-02-22,3.38
2008-02-25,3.43
2008-02-26,3.44
2008-02-27,3.36
2008-02-28,3.39
2008-02-29,3.21
2008-03-03,3.18
2008-03-04,3.23
2008-03-05,3.25
2008-03-06,3.25
2008-03-07,3.23
2008-03-10,3.21
2008-03-11,3.23
2008-03-12,3.38
2008-03-13,3.24
2008-03-14,3.34
2008-03-17,3.12
2008-03-18,3.16
2008-03-19,3.25
2008-03-20,3.37
2008-03-25,3.59
2008-03-26,3.65
2008-03-27,3.55
2008-03-28,3.6
2008-03-31,3.56
2008-04-01,3.6
2008-04-02,3.61
2008-04-03,3.63
2008-04-04,3.6
2008-04-07,3.64
2008-04-08,3.64
2008-04-09,3.62
2008-04-10,3.55
2008-04-11,3.59
2008-04-14,3.52
2008-04-15,3.55
2008-04-16,3.65
2008-04-17,3.77
2008-04-18,3.83
2008-04-21,3.89
2008-04-22,4.0
2008-04-23,3.96
2008-04-24,3.85
2008-04-25,3.96
2008-04-28,3.89
2008-04-29,3.88
2008-04-30,3.83
2008-05-02,3.8
2008-05-05,3.86
2008-05-06,3.86
2008-05-07,3.84
2008-05-08,3.79
2008-05-09,3.71
2008-05-12,3.78
2008-05-13,3.77
2008-05-14,3.93
2008-05-15,4.05
2008-05-16,4.04
2008-05-19,3.98
2008-05-20,4.03
2008-05-21,4.12
2008-05-22,4.14
2008-05-23,4.19
2008-05-26,4.23
2008-05-27,4.24
2008-05-28,4.26
2008-05-29,4.28
2008-05-30,4.32
2008-06-02,4.27
2008-06-03,4.27
2008-06-04,4.3
2008-06-05,4.32
2008-06-06,4.65
2008-06-09,4.68
2008-06-10,4.66
2008-06-11,4.57
2008-06-12,4.64
2008-06-13,4.71
2008-06-16,4.71
2008-06-17,4.69
2008-06-18,4.71
2008-06-19,4.73
2008-06-20,4.72
2008-06-23,4.62
2008-06-24,4.64
2008-06-25,4.63
2008-06-26,4.6
2008-06-27,4.52
2008-06-30,4.62
2008-07-01,4.67
2008-07-02,4.71
2008-07-03,4.77
2008-07-04,4.5
2008-07-07,4.48
2008-07-08,4.41
2008-07-09,4.52
2008-07-10,4.45
2008-07-11,4.49
2008-07-14,4.51
2008-07-15,4.36
2008-07-16,4.35
2008-07-17,4.41
2008-07-18,4.41
2008-07-21,4.62
2008-07-22,4.61
2008-07-23,4.66
2008-07-24,4.53
2008-07-25,4.42
2008-07-28,4.45
2008-07-29,4.41
2008-07-30,4.35
2008-07-31,4.38
2008-08-01,4.32
2008-08-04,4.32
2008-08-05,4.3
2008-08-06,4.31
2008-08-07,4.3
2008-08-08,4.14
2008-08-11,4.15
2008-08-12,4.15
2008-08-13,4.13
2008-08-14,4.09
2008-08-15,4.09
2008-08-18,4.04
2008-08-19,4.0
2008-08-20,4.09
2008-08-21,4.09
2008-08-22,4.15
2008-08-25,4.13
2008-08-26,4.03
2008-08-27,4.04
2008-08-28,4.16
2008-08-29,4.14
2008-09-01,4.09
2008-09-02,4.13
2008-09-03,4.08
2008-09-04,4.12
2008-09-05,3.98
2008-09-08,4.08
2008-09-09,4.04
2008-09-10,4.01
2008-09-11,4.01
2008-09-12,4.03
2008-09-15,3.85
2008-09-16,3.78
2008-09-17,3.87
2008-09-18,3.8
2008-09-19,3.97
2008-09-22,4.08
2008-09-23,4.02
2008-09-24,3.9
2008-09-25,3.9
2008-09-26,3.84
2008-09-29,3.59
2008-09-30,3.47
2008-10-01,3.55
2008-10-02,3.51
2008-10-03,3.26
2008-10-06,3.12
2008-10-07,3.08
2008-10-08,2.96
2008-10-09,3.15
2008-10-10,2.94
2008-10-13,3.16
2008-10-14,3.29
2008-10-15,3.19
2008-10-16,3.1
2008-10-17,2.98
2008-10-20,3.08
2008-10-21,2.99
2008-10-22,2.91
2008-10-23,2.88
2008-10-24,2.72
2008-10-27,2.69
2008-10-28,2.72
2008-10-29,2.6
2008-10-30,2.64
2008-10-31,2.5
2008-11-03,2.65
2008-11-04,2.57
2008-11-05,2.61
2008-11-06,2.55
2008-11-07,2.49
2008-11-10,2.5
2008-11-11,2.42
2008-11-12,2.38
2008-11-13,2.32
2008-11-14,2.34
2008-11-17,2.28
2008-11-18,2.22
2008-11-19,2.21
2008-11-20,2.17
2008-11-21,2.17
2008-11-24,2.16
2008-11-25,2.2
2008-11-26,2.21
2008-11-27,2.19
2008-11-28,2.13
2008-12-01,2.09
2008-12-02,2.08
2008-12-03,2.1
2008-12-04,1.96
2008-12-05,2.13
2008-12-08,2.26
2008-12-09,2.32
2008-12-10,2.31
2008-12-11,2.23
2008-12-12,2.17
2008-12-15,2.19
2008-12-16,2.15
2008-12-17,2.04
2008-12-18,1.99
2008-12-19,1.96
2008-12-22,1.9
2008-12-23,1.86
2008-12-29,1.83
2008-12-30,1.83
2009-01-02,1.82
2009-01-05,1.86
2009-01-06,1.8
2009-01-07,1.79
2009-01-08,1.8
2009-01-09,1.65
2009-01-12,1.65
2009-01-13,1.59
2009-01-14,1.63
2009-01-15,1.56
2009-01-16,1.6
2009-01-19,1.62
2009-01-20,1.57
2009-01-21,1.52
2009-01-22,1.54
2009-01-23,1.47
2009-01-26,1.6
2009-01-27,1.72
2009-01-28,1.68
2009-01-29,1.66
2009-01-30,1.59
2009-02-02,1.54
2009-02-03,1.54
2009-02-04,1.58
2009-02-05,1.58
2009-02-06,1.47
2009-02-09,1.5
2009-02-10,1.48
2009-02-11,1.49
2009-02-12,1.39
2009-02-13,1.4
2009-02-16,1.35
2009-02-17,1.28
2009-02-18,1.28
2009-02-19,1.4
2009-02-20,1.34
2009-02-23,1.41
2009-02-24,1.34
2009-02-25,1.33
2009-02-26,1.36
2009-02-27,1.37
2009-03-02,1.3
2009-03-03,1.27
2009-03-04,1.26
2009-03-05,1.26
2009-03-06,1.21
2009-03-09,1.3
2009-03-10,1.34
2009-03-11,1.4
2009-03-12,1.36
2009-03-13,1.37
2009-03-16,1.4
2009-03-17,1.36
2009-03-18,1.41
2009-03-19,1.34
2009-03-20,1.34
2009-03-23,1.34
2009-03-24,1.41
2009-03-25,1.43
2009-03-26,1.45
2009-03-27,1.38
2009-03-30,1.32
2009-03-31,1.3
2009-04-01,1.29
2009-04-02,1.29
2009-04-03,1.47
2009-04-06,1.6
2009-04-07,1.54
2009-04-08,1.49
2009-04-09,1.52
2009-04-14,1.41
2009-04-15,1.42
2009-04-16,1.43
2009-04-17,1.46
2009-04-20,1.51
2009-04-21,1.48
2009-04-22,1.49
2009-04-23,1.52
2009-04-24,1.47
2009-04-27,1.42
2009-04-28,1.41
2009-04-29,1.42
2009-04-30,1.42
2009-05-04,1.4
2009-05-05,1.43
2009-05-06,1.41
2009-05-07,1.44
2009-05-08,1.43
2009-05-11,1.39
2009-05-12,1.45
2009-05-13,1.42
2009-05-14,1.37
2009-05-15,1.33
2009-05-18,1.34
2009-05-19,1.37
2009-05-20,1.46
2009-05-21,1.44
2009-05-22,1.43
2009-05-25,1.52
2009-05-26,1.5
2009-05-27,1.5
2009-05-28,1.49
2009-05-29,1.41
2009-06-01,1.44
2009-06-02,1.44
2009-06-03,1.37
2009-06-04,1.45
2009-06-05,1.62
2009-06-08,1.76
2009-06-09,1.74
2009-06-10,1.72
2009-06-11,1.73
2009-06-12,1.7
2009-06-15,1.64
2009-06-16,1.64
2009-06-17,1.58
2009-06-18,1.55
2009-06-19,1.55
2009-06-22,1.51
2009-06-23,1.48
2009-06-24,1.49
2009-06-25,1.39
2009-06-26,1.4
2009-06-29,1.4
2009-06-30,1.41
2009-07-01,1.41
2009-07-02,1.39
2009-07-03,1.29
2009-07-06,1.27
2009-07-07,1.3
2009-07-08,1.25
2009-07-09,1.27
2009-07-10,1.29
2009-07-13,1.27
2009-07-14,1.35
2009-07-15,1.35
2009-07-16,1.36
2009-07-17,1.31
2009-07-20,1.4
2009-07-21,1.36
2009-07-22,1.34
2009-07-23,1.37
2009-07-24,1.43
2009-07-27,1.46
2009-07-28,1.47
2009-07-29,1.43
2009-07-30,1.45
2009-07-31,1.42
2009-08-03,1.37
2009-08-04,1.46
2009-08-05,1.53
2009-08-06,1.56
2009-08-07,1.57
2009-08-10,1.66
2009-08-11,1.64
2009-08-12,1.55
2009-08-13,1.56
2009-08-14,1.49
2009-08-17,1.43
2009-08-18,1.45
2009-08-19,1.4
2009-08-20,1.4
2009-08-21,1.44
2009-08-24,1.5
2009-08-25,1.43
2009-08-26,1.43
2009-08-27,1.39
2009-08-28,1.41
2009-08-31,1.38
2009-09-01,1.35
2009-09-02,1.31
2009-09-03,1.36
2009-09-04,1.3
2009-09-07,1.25
2009-09-08,1.24
2009-09-09,1.22
2009-09-10,1.24
2009-09-11,1.22
2009-09-14,1.24
2009-09-15,1.27
2009-09-16,1.25
2009-09-17,1.32
2009-09-18,1.29
2009-09-21,1.31
2009-09-22,1.32
2009-09-23,1.32
2009-09-24,1.25
2009-09-25,1.24
2009-09-28,1.25
2009-09-29,1.27
2009-09-30,1.31
2009-10-01,1.33
2009-10-02,1.25
2009-10-05,1.26
2009-10-06,1.28
2009-10-07,1.26
2009-10-08,1.3
2009-10-09,1.36
2009-10-12,1.42
2009-10-13,1.36
2009-10-14,1.37
2009-10-15,1.43
2009-10-16,1.47
2009-10-19,1.5
2009-10-20,1.45
2009-10-21,1.45
2009-10-22,1.44
2009-10-23,1.45
2009-10-26,1.45
2009-10-27,1.41
2009-10-28,1.36
2009-10-29,1.37
2009-10-30,1.41
2009-11-02,1.39
2009-11-03,1.33
2009-11-04,1.39
2009-11-05,1.38
2009-11-06,1.39
2009-11-09,1.35
2009-11-10,1.32
2009-11-11,1.35
2009-11-12,1.31
2009-11-13,1.3
2009-11-16,1.29
2009-11-17,1.29
2009-11-18,1.29
2009-11-19,1.3
2009-11-20,1.28
2009-11-23,1.34
2009-11-24,1.33
2009-11-25,1.34
2009-11-26,1.3
2009-11-27,1.23
2009-11-30,1.27
2009-12-01,1.28
2009-12-02,1.27
2009-12-03,1.34
2009-12-04,1.27
2009-12-07,1.37
2009-12-08,1.28
2009-12-09,1.24
2009-12-10,1.24
2009-12-11,1.28
2009-12-14,1.26
2009-12-15,1.24
2009-12-16,1.26
2009-12-17,1.19
2009-12-18,1.18
2009-12-21,1.17
2009-12-22,1.18
2009-12-23,1.19
2009-12-28,1.26
2009-12-29,1.31
2009-12-30,1.33
2010-01-04,1.39
2010-01-05,1.37
2010-01-06,1.33
2010-01-07,1.32
2010-01-08,1.32
2010-01-11,1.3
2010-01-12,1.26
2010-01-13,1.27
2010-01-14,1.26
2010-01-15,1.21
2010-01-18,1.19
2010-01-19,1.24
2010-01-20,1.22
2010-01-21,1.18
2010-01-22,1.15
2010-01-25,1.17
2010-01-26,1.15
2010-01-27,1.21
2010-01-28,1.21
2010-01-29,1.19
2010-02-01,1.18
2010-02-02,1.19
2010-02-03,1.2
2010-02-04,1.18
2010-02-05,1.08
2010-02-08,1.05
2010-02-09,1.07
2010-02-10,1.12
2010-02-11,1.12
2010-02-12,1.08
2010-02-15,1.04
2010-02-16,1.04
2010-02-17,1.04
2010-02-18,1.04
2010-02-19,1.09
2010-02-22,1.07
2010-02-23,1.04
2010-02-24,1.0
2010-02-25,0.94
2010-02-26,0.93
2010-03-01,0.96
2010-03-02,0.95
2010-03-03,0.95
2010-03-04,0.99
2010-03-05,0.96
2010-03-08,0.98
2010-03-09,0.98
2010-03-10,0.99
2010-03-11,1.04
2010-03-12,1.05
2010-03-15,1.03
2010-03-16,1.03
2010-03-17,0.99
2010-03-18,0.98
2010-03-19,0.99
2010-03-22,0.99
2010-03-23,0.97
2010-03-24,0.97
2010-03-25,1.0
2010-03-26,1.02
2010-03-29,1.01
2010-03-30,0.97
2010-03-31,0.97
2010-04-01,0.97
2010-04-06,1.01
2010-04-07,0.98
2010-04-08,0.93
2010-04-09,0.96
2010-04-12,1.02
2010-04-13,1.01
2010-04-14,0.99
2010-04-15,0.96
2010-04-16,0.94
2010-04-19,0.91
2010-04-20,0.93
2010-04-21,0.92
2010-04-22,0.91
2010-04-23,0.93
2010-04-26,0.92
2010-04-27,0.9
2010-04-28,0.8
2010-04-29,0.83
2010-04-30,0.83
2010-05-03,0.84
2010-05-04,0.78
2010-05-05,0.69
2010-05-06,0.63
2010-05-07,0.48
2010-05-10,0.66
2010-05-11,0.56
2010-05-12,0.59
2010-05-13,0.59
2010-05-14,0.53
2010-05-17,0.56
2010-05-18,0.55
2010-05-19,0.48
2010-05-20,0.5
2010-05-21,0.46
2010-05-24,0.49
2010-05-25,0.44
2010-05-26,0.47
2010-05-27,0.47
2010-05-28,0.5
2010-05-31,0.49
2010-06-01,0.46
2010-06-02,0.48
2010-06-03,0.52
2010-06-04,0.51
2010-06-07,0.43
2010-06-08,0.41
2010-06-09,0.43
2010-06-10,0.46
2010-06-11,0.45
2010-06-14,0.45
2010-06-15,0.46
2010-06-16,0.46
2010-06-17,0.47
2010-06-18,0.51
2010-06-21,0.58
2010-06-22,0.55
2010-06-23,0.56
2010-06-24,0.53
2010-06-25,0.52
2010-06-28,0.56
2010-06-29,0.52
2010-06-30,0.52
2010-07-01,0.63
2010-07-02,0.64
2010-07-05,0.61
2010-07-06,0.63
2010-07-07,0.64
2010-07-08,0.67
2010-07-09,0.75
2010-07-12,0.69
2010-07-13,0.67
2010-07-14,0.73
2010-07-15,0.76
2010-07-16,0.78
2010-07-19,0.78
2010-07-20,0.77
2010-07-21,0.72
2010-07-22,0.68
2010-07-23,0.71
2010-07-26,0.73
2010-07-27,0.85
2010-07-28,0.87
2010-07-29,0.85
2010-07-30,0.81
2010-08-02,0.82
2010-08-03,0.78
2010-08-04,0.74
2010-08-05,0.78
2010-08-06,0.78
2010-08-09,0.76
2010-08-10,0.74
2010-08-11,0.7
2010-08-12,0.62
2010-08-13,0.64
2010-08-16,0.6
2010-08-17,0.64
2010-08-18,0.63
2010-08-19,0.65
2010-08-20,0.6
2010-08-23,0.58
2010-08-24,0.57
2010-08-25,0.57
2010-08-26,0.58
2010-08-27,0.59
2010-08-30,0.59
2010-08-31,0.58
2010-09-01,0.59
2010-09-02,0.63
2010-09-03,0.63
2010-09-06,0.64
2010-09-07,0.63
2010-09-08,0.6
2010-09-09,0.65
2010-09-10,0.7
2010-09-13,0.74
2010-09-14,0.71
2010-09-15,0.73
2010-09-16,0.8
2010-09-17,0.82
2010-09-20,0.8
2010-09-21,0.81
2010-09-22,0.76
2010-09-23,0.71
2010-09-24,0.7
2010-09-27,0.71
2010-09-28,0.73
2010-09-29,0.74
2010-09-30,0.78
2010-10-01,0.87
2010-10-04,0.82
2010-10-05,0.81
2010-10-06,0.78
2010-10-07,0.81
2010-10-08,0.8
2010-10-11,0.79
2010-10-12,0.76
2010-10-13,0.81
2010-10-14,0.8
2010-10-15,0.81
2010-10-18,0.86
2010-10-19,0.91
2010-10-20,0.92
2010-10-21,0.97
2010-10-22,1.01
2010-10-25,0.99
2010-10-26,1.01
2010-10-27,1.05
2010-10-28,1.04
2010-10-29,1.03
2010-11-01,1.0
2010-11-02,1.02
2010-11-03,1.02
2010-11-04,1.03
2010-11-05,0.93
2010-11-08,0.95
2010-11-09,0.95
2010-11-10,0.99
2010-11-11,0.93
2010-11-12,0.94
2010-11-15,1.03
2010-11-16,1.03
2010-11-17,1.02
2010-11-18,1.05
2010-11-19,1.07
2010-11-22,1.08
2010-11-23,0.99
2010-11-24,0.9
2010-11-25,0.96
2010-11-26,0.93
2010-11-29,0.93
2010-11-30,0.88
2010-12-01,0.9
2010-12-02,0.9
2010-12-03,0.88
2010-12-06,0.84
2010-12-07,0.86
2010-12-08,0.93
2010-12-09,0.99
2010-12-10,1.02
2010-12-13,1.06
2010-12-14,1.02
2010-12-15,1.05
2010-12-16,1.05
2010-12-17,1.05
2010-12-20,1.03
2010-12-21,1.03
2010-12-22,1.02
2010-12-23,0.92
2010-12-27,0.97
2010-12-28,0.88
2010-12-29,0.88
2010-12-30,0.87
2011-01-03,0.84
2011-01-04,0.86
2011-01-05,0.84
2011-01-06,0.93
2011-01-07,0.9
2011-01-10,0.88
2011-01-11,0.87
2011-01-12,0.94
2011-01-13,0.98
2011-01-14,1.15
2011-01-17,1.12
2011-01-18,1.18
2011-01-19,1.2
2011-01-20,1.22
2011-01-21,1.32
2011-01-24,1.33
2011-01-25,1.29
2011-01-26,1.35
2011-01-27,1.38
2011-01-28,1.42
2011-01-31,1.45
2011-02-01,1.43
2011-02-02,1.43
2011-02-03,1.5
2011-02-04,1.43
2011-02-07,1.47
2011-02-08,1.42
2011-02-09,1.51
2011-02-10,1.5
2011-02-11,1.48
2011-02-14,1.47
2011-02-15,1.49
2011-02-16,1.46
2011-02-17,1.45
2011-02-18,1.41
2011-02-21,1.45
2011-02-22,1.45
2011-02-23,1.49
2011-02-24,1.48
2011-02-25,1.51
2011-02-28,1.48
2011-03-01,1.52
2011-03-02,1.49
2011-03-03,1.54
2011-03-04,1.71
2011-03-07,1.76
2011-03-08,1.74
2011-03-09,1.73
2011-03-10,1.7
2011-03-11,1.64
2011-03-14,1.67
2011-03-15,1.51
2011-03-16,1.54
2011-03-17,1.52
2011-03-18,1.56
2011-03-21,1.66
2011-03-22,1.74
2011-03-23,1.68
2011-03-24,1.68
2011-03-25,1.72
2011-03-28,1.75
2011-03-29,1.76
2011-03-30,1.79
2011-03-31,1.81
2011-04-01,1.84
2011-04-04,1.83
2011-04-05,1.82
2011-04-06,1.85
2011-04-07,1.87
2011-04-08,1.92
2011-04-11,1.95
2011-04-12,1.93
2011-04-13,1.92
2011-04-14,1.88
2011-04-15,1.91
2011-04-18,1.85
2011-04-19,1.84
2011-04-20,1.89
2011-04-21,1.89
2011-04-26,1.8
2011-04-27,1.81
2011-04-28,1.86
2011-04-29,1.87
2011-05-02,1.87
2011-05-03,1.88
2011-05-04,1.97
2011-05-05,2.0
2011-05-06,1.81
2011-05-09,1.81
2011-05-10,1.8
2011-05-11,1.79
2011-05-12,1.75
2011-05-13,1.79
2011-05-16,1.77
2011-05-17,1.82
2011-05-18,1.8
2011-05-19,1.83
2011-05-20,1.82
2011-05-23,1.7
2011-05-24,1.71
2011-05-25,1.66
2011-05-26,1.68
2011-05-27,1.59
2011-05-30,1.59
2011-05-31,1.66
2011-06-01,1.64
2011-06-02,1.63
2011-06-03,1.67
2011-06-06,1.69
2011-06-07,1.69
2011-06-08,1.71
2011-06-09,1.67
2011-06-10,1.58
2011-06-13,1.55
2011-06-14,1.58
2011-06-15,1.6
2011-06-16,1.49
2011-06-17,1.53
2011-06-20,1.51
2011-06-21,1.54
2011-06-22,1.55
2011-06-23,1.51
2011-06-24,1.45
2011-06-27,1.43
2011-06-28,1.44
2011-06-29,1.56
2011-06-30,1.61
2011-07-01,1.66
2011-07-04,1.66
2011-07-05,1.65
2011-07-06,1.59
2011-07-07,1.61
2011-07-08,1.58
2011-07-11,1.45
2011-07-12,1.27
2011-07-13,1.35
2011-07-14,1.35
2011-07-15,1.3
2011-07-18,1.27
2011-07-19,1.31
2011-07-20,1.33
2011-07-21,1.37
2011-07-22,1.48
2011-07-25,1.42
2011-07-26,1.38
2011-07-27,1.35
2011-07-28,1.29
2011-07-29,1.27
2011-08-01,1.25
2011-08-02,1.1
2011-08-03,1.1
2011-08-04,1.1
2011-08-05,0.89
2011-08-08,0.85
2011-08-09,0.76
2011-08-10,0.77
2011-08-11,0.65
2011-08-12,0.75
2011-08-15,0.78
2011-08-16,0.74
2011-08-17,0.74
2011-08-18,0.66
2011-08-19,0.63
2011-08-22,0.68
2011-08-23,0.67
2011-08-24,0.67
2011-08-25,0.75
2011-08-26,0.65
2011-08-29,0.66
2011-08-30,0.67
2011-08-31,0.68
2011-09-01,0.67
2011-09-02,0.58
2011-09-05,0.48
2011-09-06,0.46
2011-09-07,0.53
2011-09-08,0.53
2011-09-09,0.44
2011-09-12,0.39
2011-09-13,0.43
2011-09-14,0.53
2011-09-15,0.62
2011-09-16,0.61
2011-09-19,0.49
2011-09-20,0.49
2011-09-21,0.47
2011-09-22,0.41
2011-09-23,0.41
2011-09-26,0.43
2011-09-27,0.51
2011-09-28,0.6
2011-09-29,0.58
2011-09-30,0.59
2011-10-03,0.5
2011-10-04,0.47
2011-10-05,0.48
2011-10-06,0.52
2011-10-07,0.62
2011-10-10,0.64
2011-10-11,0.64
2011-10-12,0.7
2011-10-13,0.7
2011-10-14,0.7
2011-10-17,0.7
2011-10-18,0.58
2011-10-19,0.65
2011-10-20,0.65
2011-10-21,0.62
2011-10-24,0.62
2011-10-25,0.66
2011-10-26,0.57
2011-10-27,0.58
2011-10-28,0.69
2011-10-31,0.59
2011-11-01,0.46
2011-11-02,0.44
2011-11-03,0.44
2011-11-04,0.41
2011-11-07,0.36
2011-11-08,0.39
2011-11-09,0.37
2011-11-10,0.38
2011-11-11,0.37
2011-11-14,0.37
2011-11-15,0.32
2011-11-16,0.37
2011-11-17,0.35
2011-11-18,0.41
2011-11-21,0.38
2011-11-22,0.38
2011-11-23,0.39
2011-11-24,0.48
2011-11-25,0.45
2011-11-28,0.47
2011-11-29,0.46
2011-11-30,0.4
2011-12-01,0.31
2011-12-02,0.29
2011-12-05,0.32
2011-12-06,0.33
2011-12-07,0.32
2011-12-08,0.3
2011-12-09,0.3
2011-12-12,0.27
2011-12-13,0.28
2011-12-14,0.27
2011-12-15,0.23
2011-12-16,0.22
2011-12-19,0.21
2011-12-20,0.21
2011-12-21,0.23
2011-12-22,0.23
2011-12-23,0.21
2011-12-27,0.19
2011-12-28,0.17
2011-12-29,0.15
2011-12-30,0.14
2012-01-02,0.15
2012-01-03,0.17
2012-01-04,0.17
2012-01-05,0.15
2012-01-06,0.17
2012-01-09,0.16
2012-01-10,0.16
2012-01-11,0.18
2012-01-12,0.16
2012-01-13,0.16
2012-01-16,0.15
2012-01-17,0.18
2012-01-18,0.2
2012-01-19,0.2
2012-01-20,0.23
2012-01-23,0.21
2012-01-24,0.24
2012-01-25,0.26
2012-01-26,0.23
2012-01-27,0.2
2012-01-30,0.19
2012-01-31,0.19
2012-02-01,0.17
2012-02-02,0.17
2012-02-03,0.21
2012-02-06,0.2
2012-02-07,0.19
2012-02-08,0.24
2012-02-09,0.26
2012-02-10,0.28
2012-02-13,0.28
2012-02-14,0.27
2012-02-15,0.27
2012-02-16,0.22
2012-02-17,0.26
2012-02-20,0.27
2012-02-21,0.28
2012-02-22,0.26
2012-02-23,0.26
2012-02-24,0.26
2012-02-27,0.22
2012-02-28,0.21
2012-02-29,0.22
2012-03-01,0.2
2012-03-02,0.2
2012-03-05,0.19
2012-03-06,0.17
2012-03-07,0.19
2012-03-08,0.17
2012-03-09,0.17
2012-03-12,0.17
2012-03-13,0.16
2012-03-14,0.22
2012-03-15,0.28
2012-03-16,0.29
2012-03-19,0.32
2012-03-20,0.33
2012-03-21,0.34
2012-03-22,0.27
2012-03-23,0.25
2012-03-26,0.23
2012-03-27,0.26
2012-03-28,0.25
2012-03-29,0.22
2012-03-30,0.22
2012-04-02,0.23
2012-04-03,0.21
2012-04-04,0.21
2012-04-05,0.16
2012-04-10,0.14
2012-04-11,0.12
2012-04-12,0.13
2012-04-13,0.13
2012-04-16,0.13
2012-04-17,0.15
2012-04-18,0.14
2012-04-19,0.14
2012-04-20,0.13
2012-04-23,0.12
2012-04-24,0.12
2012-04-25,0.14
2012-04-26,0.11
2012-04-27,0.1
2012-04-30,0.09
2012-05-02,0.08
2012-05-03,0.08
2012-05-04,0.09
2012-05-07,0.08
2012-05-08,0.09
2012-05-09,0.09
2012-05-10,0.07
2012-05-11,0.08
2012-05-14,0.06
2012-05-15,0.06
2012-05-16,0.06
2012-05-17,0.06
2012-05-18,0.04
2012-05-21,0.07
2012-05-22,0.06
2012-05-23,0.06
2012-05-24,0.03
2012-05-25,0.04
2012-05-28,0.02
2012-05-29,0.02
2012-05-30,0.0
2012-05-31,0.01
2012-06-01,-0.02
2012-06-04,-0.02
2012-06-05,-0.01
2012-06-06,0.01
2012-06-07,0.07
2012-06-08,0.04
2012-06-11,0.06
2012-06-12,0.05
2012-06-13,0.11
2012-06-14,0.1
2012-06-15,0.08
2012-06-18,0.04
2012-06-19,0.03
2012-06-20,0.11
2012-06-21,0.14
2012-06-22,0.09
2012-06-25,0.08
2012-06-26,0.08
2012-06-27,0.1
2012-06-28,0.09
2012-06-29,0.12
2012-07-02,0.11
2012-07-03,0.09
2012-07-04,0.06
2012-07-05,0.05
2012-07-06,-0.04
2012-07-09,-0.04
2012-07-10,-0.03
2012-07-11,-0.02
2012-07-12,-0.05
2012-07-13,-0.06
2012-07-16,-0.07
2012-07-17,-0.07
2012-07-18,-0.07
2012-07-19,-0.08
2012-07-20,-0.08
2012-07-23,-0.09
2012-07-24,-0.05
2012-07-25,-0.06
2012-07-26,-0.07
2012-07-27,-0.07
2012-07-30,-0.09
2012-07-31,-0.08
2012-08-01,-0.09
2012-08-02,-0.07
2012-08-03,-0.07
2012-08-06,-0.06
2012-08-07,-0.06
2012-08-08,-0.06
2012-08-09,-0.05
2012-08-10,-0.08
2012-08-13,-0.07
2012-08-14,-0.06
2012-08-15,-0.03
2012-08-16,-0.03
2012-08-17,-0.03
2012-08-20,-0.03
2012-08-21,-0.03
2012-08-22,-0.02
2012-08-23,-0.03
2012-08-24,-0.05
2012-08-27,-0.04
2012-08-28,-0.03
2012-08-29,-0.05
2012-08-30,-0.04
2012-08-31,-0.04
2012-09-03,-0.06
2012-09-04,-0.04
2012-09-05,-0.07
2012-09-06,-0.01
2012-09-07,0.03
2012-09-10,0.02
2012-09-11,0.02
2012-09-12,0.05
2012-09-13,0.06
2012-09-14,0.07
2012-09-17,0.07
2012-09-18,0.07
2012-09-19,0.05
2012-09-20,0.03
2012-09-21,0.03
2012-09-24,0.02
2012-09-25,0.01
2012-09-26,0.03
2012-09-27,0.01
2012-09-28,0.01
2012-10-01,0.02
2012-10-02,0.03
2012-10-03,0.02
2012-10-04,0.0
2012-10-05,0.02
2012-10-08,0.02
2012-10-09,0.02
2012-10-10,0.02
2012-10-11,0.02
2012-10-12,0.02
2012-10-15,0.02
2012-10-16,0.03
2012-10-17,0.05
2012-10-18,0.08
2012-10-19,0.09
2012-10-22,0.09
2012-10-23,0.09
2012-10-24,0.08
2012-10-25,0.07
2012-10-26,0.04
2012-10-29,0.02
2012-10-30,0.02
2012-10-31,0.03
2012-11-01,0.01
2012-11-02,-0.01
2012-11-05,-0.02
2012-11-06,-0.03
2012-11-07,-0.03
2012-11-08,-0.05
2012-11-09,-0.05
2012-11-12,-0.05
2012-11-13,-0.05
2012-11-14,-0.04
2012-11-15,-0.04
2012-11-16,-0.05
2012-11-19,-0.05
2012-11-20,-0.04
2012-11-21,-0.03
2012-11-22,-0.01
2012-11-23,-0.02
2012-11-26,-0.02
2012-11-27,-0.02
2012-11-28,-0.01
2012-11-29,-0.02
2012-11-30,-0.02
2012-12-03,-0.02
2012-12-04,0.0
2012-12-05,-0.02
2012-12-06,-0.02
2012-12-07,-0.08
2012-12-10,-0.1
2012-12-11,-0.08
2012-12-12,-0.06
2012-12-13,-0.08
2012-12-14,-0.07
2012-12-17,-0.05
2012-12-18,-0.04
2012-12-19,-0.04
2012-12-20,-0.05
2012-12-21,-0.04
2012-12-27,-0.04
2012-12-28,-0.04
2013-01-02,-0.01
2013-01-03,0.0
2013-01-04,0.04
2013-01-07,0.05
2013-01-08,0.04
2013-01-09,0.03
2013-01-10,0.03
2013-01-11,0.07
2013-01-14,0.1
2013-01-15,0.1
2013-01-16,0.1
2013-01-17,0.15
2013-01-18,0.17
2013-01-21,0.17
2013-01-22,0.18
2013-01-23,0.15
2013-01-24,0.13
2013-01-25,0.17
2013-01-28,0.25
2013-01-29,0.26
2013-01-30,0.28
2013-01-31,0.26
2013-02-01,0.25
2013-02-04,0.22
2013-02-05,0.2
2013-02-06,0.2
2013-02-07,0.2
2013-02-08,0.15
2013-02-11,0.17
2013-02-12,0.16
2013-02-13,0.17
2013-02-14,0.15
2013-02-15,0.13
2013-02-18,0.12
2013-02-19,0.12
2013-02-20,0.14
2013-02-21,0.13
2013-02-22,0.12
2013-02-25,0.07
2013-02-26,0.04
2013-02-27,0.03
2013-02-28,0.02
2013-03-01,0.0
2013-03-04,-0.01
2013-03-05,0.01
2013-03-06,0.01
2013-03-07,0.01
2013-03-08,0.04
2013-03-11,0.04
2013-03-12,0.03
2013-03-13,0.03
2013-03-14,0.03
2013-03-15,0.02
2013-03-18,-0.01
2013-03-19,-0.02
2013-03-20,-0.02
2013-03-21,-0.01
2013-03-22,-0.02
2013-03-25,-0.01
2013-03-26,-0.02
2013-03-27,-0.05
2013-03-28,-0.07
2013-04-02,-0.02
2013-04-03,-0.02
2013-04-04,-0.03
2013-04-05,-0.02
2013-04-08,-0.02
2013-04-09,0.0
2013-04-10,0.01
2013-04-11,0.01
2013-04-12,-0.02
2013-04-15,-0.01
2013-04-16,-0.01
2013-04-17,0.0
2013-04-18,-0.02
2013-04-19,-0.01
2013-04-22,-0.01
2013-04-23,-0.02
2013-04-24,-0.01
2013-04-25,-0.01
2013-04-26,-0.02
2013-04-29,-0.02
2013-04-30,-0.01
2013-05-02,-0.01
2013-05-03,-0.03
2013-05-06,-0.01
2013-05-07,-0.01
2013-05-08,0.01
2013-05-09,-0.02
2013-05-10,0.01
2013-05-13,0.01
2013-05-14,0.01
2013-05-15,0.01
2013-05-16,0.0
2013-05-17,-0.03
2013-05-20,-0.03
2013-05-21,-0.02
2013-05-22,0.0
2013-05-23,-0.02
2013-05-24,0.02
2013-05-27,0.01
2013-05-28,0.02
2013-05-29,0.05
2013-05-30,0.06
2013-05-31,0.03
2013-06-03,0.07
2013-06-04,0.09
2013-06-05,0.09
2013-06-06,0.07
2013-06-07,0.1
2013-06-10,0.13
2013-06-11,0.18
2013-06-12,0.17
2013-06-13,0.13
2013-06-14,0.11
2013-06-17,0.11
2013-06-18,0.12
2013-06-19,0.13
2013-06-20,0.19
2013-06-21,0.21
2013-06-24,0.26
2013-06-25,0.22
2013-06-26,0.2
2013-06-27,0.18
2013-06-28,0.17
2013-07-01,0.2
2013-07-02,0.17
2013-07-03,0.14
2013-07-04,0.15
2013-07-05,0.1
2013-07-08,0.09
2013-07-09,0.08
2013-07-10,0.07
2013-07-11,0.09
2013-07-12,0.08
2013-07-15,0.1
2013-07-16,0.08
2013-07-17,0.08
2013-07-18,0.06
2013-07-19,0.05
2013-07-22,0.07
2013-07-23,0.1
2013-07-24,0.14
2013-07-25,0.13
2013-07-26,0.13
2013-07-29,0.14
2013-07-30,0.14
2013-07-31,0.15
2013-08-01,0.11
2013-08-02,0.17
2013-08-05,0.14
2013-08-06,0.16
2013-08-07,0.15
2013-08-08,0.16
2013-08-09,0.16
2013-08-12,0.16
2013-08-13,0.18
2013-08-14,0.2
2013-08-15,0.21
2013-08-16,0.22
2013-08-19,0.23
2013-08-20,0.21
2013-08-21,0.2
2013-08-22,0.24
2013-08-23,0.26
2013-08-26,0.25
2013-08-27,0.22
2013-08-28,0.21
2013-08-29,0.22
2013-08-30,0.2
2013-09-02,0.25
2013-09-03,0.24
2013-09-04,0.24
2013-09-05,0.26
2013-09-06,0.27
2013-09-09,0.23
2013-09-10,0.24
2013-09-11,0.24
2013-09-12,0.21
2013-09-13,0.22
2013-09-16,0.19
2013-09-17,0.2
2013-09-18,0.2
2013-09-19,0.16
2013-09-20,0.16
2013-09-23,0.18
2013-09-24,0.15
2013-09-25,0.15
2013-09-26,0.15
2013-09-27,0.14
2013-09-30,0.13
2013-10-01,0.16
2013-10-02,0.15
2013-10-03,0.17
2013-10-04,0.16
2013-10-07,0.16
2013-10-08,0.17
2013-10-09,0.16
2013-10-10,0.18
2013-10-11,0.18
2013-10-14,0.18
2013-10-15,0.19
2013-10-16,0.2
2013-10-17,0.19
2013-10-18,0.16
2013-10-21,0.17
2013-10-22,0.18
2013-10-23,0.14
2013-10-24,0.16
2013-10-25,0.17
2013-10-28,0.18
2013-10-29,0.16
2013-10-30,0.15
2013-10-31,0.12
2013-11-01,0.09
2013-11-04,0.1
2013-11-05,0.13
2013-11-06,0.13
2013-11-07,0.13
2013-11-08,0.1
2013-11-11,0.1
2013-11-12,0.11
2013-11-13,0.1
2013-11-14,0.08
2013-11-15,0.09
2013-11-18,0.1
2013-11-19,0.1
2013-11-20,0.1
2013-11-21,0.09
2013-11-22,0.11
2013-11-25,0.11
2013-11-26,0.11
2013-11-27,0.11
2013-11-28,0.12
2013-11-29,0.11
2013-12-02,0.11
2013-12-03,0.12
2013-12-04,0.12
2013-12-05,0.15
2013-12-06,0.2
2013-12-09,0.2
2013-12-10,0.21
2013-12-11,0.21
2013-12-12,0.21
2013-12-13,0.24
2013-12-16,0.24
2013-12-17,0.24
2013-12-18,0.22
2013-12-19,0.23
2013-12-20,0.22
2013-12-23,0.23
2013-12-27,0.25
2013-12-30,0.24
2014-01-02,0.24
2014-01-03,0.23
2014-01-06,0.22
2014-01-07,0.22
2014-01-08,0.22
2014-01-09,0.24
2014-01-10,0.22
2014-01-13,0.19
2014-01-14,0.19
2014-01-15,0.21
2014-01-16,0.22
2014-01-17,0.18
2014-01-20,0.17
2014-01-21,0.17
2014-01-22,0.17
2014-01-23,0.17
2014-01-24,0.14
2014-01-27,0.14
2014-01-28,0.15
2014-01-29,0.13
2014-01-30,0.1
2014-01-31,0.08
2014-02-03,0.08
2014-02-04,0.08
2014-02-05,0.07
2014-02-06,0.1
2014-02-07,0.11
2014-02-10,0.11
2014-02-11,0.12
2014-02-12,0.1
2014-02-13,0.09
2014-02-14,0.09
2014-02-17,0.1
2014-02-18,0.09
2014-02-19,0.08
2014-02-20,0.09
2014-02-21,0.11
2014-02-24,0.11
2014-02-25,0.13
2014-02-26,0.11
2014-02-27,0.07
2014-02-28,0.11
2014-03-03,0.1
2014-03-04,0.1
2014-03-05,0.11
2014-03-06,0.11
2014-03-07,0.15
2014-03-10,0.17
2014-03-11,0.14
2014-03-12,0.14
2014-03-13,0.13
2014-03-14,0.11
2014-03-17,0.13
2014-03-18,0.13
2014-03-19,0.14
2014-03-20,0.18
2014-03-21,0.19
2014-03-24,0.19
2014-03-25,0.16
2014-03-26,0.14
2014-03-27,0.13
2014-03-28,0.11
2014-03-31,0.14
2014-04-01,0.15
2014-04-02,0.17
2014-04-03,0.18
2014-04-04,0.17
2014-04-07,0.15
2014-04-08,0.15
2014-04-09,0.16
2014-04-10,0.14
2014-04-11,0.15
2014-04-14,0.13
2014-04-15,0.13
2014-04-16,0.12
2014-04-17,0.13
2014-04-22,0.16
2014-04-23,0.16
2014-04-24,0.18
2014-04-25,0.17
2014-04-28,0.16
2014-04-29,0.17
2014-04-30,0.15
2014-05-02,0.13
2014-05-05,0.11
2014-05-06,0.13
2014-05-07,0.13
2014-05-08,0.15
2014-05-09,0.11
2014-05-12,0.12
2014-05-13,0.11
2014-05-14,0.08
2014-05-15,0.07
2014-05-16,0.06
2014-05-19,0.06
2014-05-20,0.06
2014-05-21,0.06
2014-05-22,0.06
2014-05-23,0.05
2014-05-26,0.04
2014-05-27,0.03
2014-05-28,0.03
2014-05-29,0.03
2014-05-30,0.04
2014-06-02,0.03
2014-06-03,0.04
2014-06-04,0.04
2014-06-05,0.04
2014-06-06,0.02
2014-06-09,0.02
2014-06-10,0.03
2014-06-11,0.04
2014-06-12,0.01
2014-06-13,0.01
2014-06-16,0.0
2014-06-17,0.01
2014-06-18,0.01
2014-06-19,0.01
2014-06-20,0.01
2014-06-23,0.01
2014-06-24,0.01
2014-06-25,0.01
2014-06-26,0.0
2014-06-27,0.0
2014-06-30,0.01
2014-07-01,0.0
2014-07-02,-0.01
2014-07-03,0.0
2014-07-04,-0.01
2014-07-07,-0.01
2014-07-08,-0.02
2014-07-09,-0.01
2014-07-10,-0.02
2014-07-11,-0.01
2014-07-14,-0.01
2014-07-15,-0.02
2014-07-16,-0.01
2014-07-17,-0.01
2014-07-18,-0.01
2014-07-21,-0.01
2014-07-22,0.0
2014-07-23,0.0
2014-07-24,0.0
2014-07-25,0.0
2014-07-28,0.0
2014-07-29,0.0
2014-07-30,0.0
2014-07-31,0.0
2014-08-01,0.0
2014-08-04,-0.01
2014-08-05,0.0
2014-08-06,-0.01
2014-08-07,-0.02
2014-08-08,-0.02
2014-08-11,-0.02
2014-08-12,-0.03
2014-08-13,-0.02
2014-08-14,-0.04
2014-08-15,-0.03
2014-08-18,-0.03
2014-08-19,-0.03
2014-08-20,-0.03
2014-08-21,-0.03
2014-08-22,-0.03
2014-08-25,-0.07
2014-08-26,-0.05
2014-08-27,-0.05
2014-08-28,-0.04
2014-08-29,-0.04
2014-09-01,-0.06
2014-09-02,-0.06
2014-09-03,-0.05
2014-09-04,-0.05
2014-09-05,-0.1
2014-09-08,-0.1
2014-09-09,-0.09
2014-09-10,-0.08
2014-09-11,-0.1
2014-09-12,-0.09
2014-09-15,-0.08
2014-09-16,-0.09
2014-09-17,-0.08
2014-09-18,-0.08
2014-09-19,-0.07
2014-09-22,-0.08
2014-09-23,-0.09
2014-09-24,-0.07
2014-09-25,-0.08
2014-09-26,-0.09
2014-09-29,-0.1
2014-09-30,-0.1
2014-10-01,-0.11
2014-10-02,-0.11
2014-10-06,-0.09
2014-10-07,-0.09
2014-10-08,-0.09
2014-10-09,-0.09
2014-10-10,-0.09
2014-10-13,-0.08
2014-10-14,-0.08
2014-10-15,-0.06
2014-10-16,-0.06
2014-10-17,-0.05
2014-10-20,-0.06
2014-10-21,-0.06
2014-10-22,-0.05
2014-10-23,-0.05
2014-10-24,-0.06
2014-10-27,-0.04
2014-10-28,-0.04
2014-10-29,-0.04
2014-10-30,-0.04
2014-10-31,-0.04
2014-11-03,-0.06
2014-11-04,-0.06
2014-11-05,-0.05
2014-11-06,-0.05
2014-11-07,-0.05
2014-11-10,-0.06
2014-11-11,-0.05
2014-11-12,-0.05
2014-11-13,-0.05
2014-11-14,-0.05
2014-11-17,-0.05
2014-11-18,-0.04
2014-11-19,-0.02
2014-11-20,-0.01
2014-11-21,-0.04
2014-11-24,-0.04
2014-11-25,-0.04
2014-11-26,-0.04
2014-11-27,-0.04
2014-11-28,-0.03
2014-12-01,-0.03
2014-12-02,-0.03
2014-12-03,-0.03
2014-12-04,-0.04
2014-12-05,-0.03
2014-12-08,-0.04
2014-12-09,-0.04
2014-12-10,-0.04
2014-12-11,-0.03
2014-12-12,-0.04
2014-12-15,-0.05
2014-12-16,-0.06
2014-12-17,-0.07
2014-12-18,-0.08
2014-12-19,-0.07
2014-12-22,-0.09
2014-12-23,-0.09
2014-12-29,-0.09
2014-12-30,-0.1
2015-01-02,-0.1
2015-01-05,-0.1
2015-01-06,-0.1
2015-01-07,-0.1
2015-01-08,-0.1
2015-01-09,-0.11
2015-01-12,-0.1
2015-01-13,-0.11
2015-01-14,-0.11
2015-01-15,-0.13
2015-01-16,-0.15
2015-01-19,-0.15
2015-01-20,-0.15
2015-01-21,-0.14
2015-01-22,-0.14
2015-01-23,-0.16
2015-01-26,-0.15
2015-01-27,-0.14
2015-01-28,-0.14
2015-01-29,-0.16
2015-01-30,-0.16
2015-02-02,-0.17
2015-02-03,-0.17
2015-02-04,-0.18
2015-02-05,-0.18
2015-02-06,-0.18
2015-02-09,-0.19
2015-02-10,-0.19
2015-02-11,-0.19
2015-02-12,-0.19
2015-02-13,-0.19
2015-02-16,-0.21
2015-02-17,-0.21
2015-02-18,-0.21
2015-02-19,-0.21
2015-02-20,-0.2
2015-02-23,-0.2
2015-02-24,-0.2
2015-02-25,-0.23
2015-02-26,-0.24
2015-02-27,-0.24
2015-03-02,-0.23
2015-03-03,-0.23
2015-03-04,-0.22
2015-03-05,-0.21
2015-03-06,-0.22
2015-03-09,-0.22
2015-03-10,-0.23
2015-03-11,-0.24
2015-03-12,-0.24
2015-03-13,-0.22
2015-03-16,-0.22
2015-03-17,-0.21
2015-03-18,-0.22
2015-03-19,-0.22
2015-03-20,-0.23
2015-03-23,-0.23
2015-03-24,-0.22
2015-03-25,-0.22
2015-03-26,-0.23
2015-03-27,-0.25
2015-03-30,-0.24
2015-03-31,-0.24
2015-04-01,-0.24
2015-04-02,-0.24
2015-04-07,-0.25
2015-04-08,-0.26
2015-04-09,-0.27
2015-04-10,-0.27
2015-04-13,-0.27
2015-04-14,-0.27
2015-04-15,-0.28
2015-04-16,-0.27
2015-04-17,-0.27
2015-04-20,-0.27
2015-04-21,-0.27
2015-04-22,-0.27
2015-04-23,-0.26
2015-04-24,-0.26
2015-04-27,-0.26
2015-04-28,-0.27
2015-04-29,-0.25
2015-04-30,-0.22
2015-05-04,-0.2
2015-05-05,-0.22
2015-05-06,-0.22
2015-05-07,-0.18
2015-05-08,-0.21
2015-05-11,-0.2
2015-05-12,-0.19
2015-05-13,-0.21
2015-05-14,-0.18
2015-05-15,-0.21
2015-05-18,-0.21
2015-05-19,-0.23
2015-05-20,-0.23
2015-05-21,-0.22
2015-05-22,-0.23
2015-05-26,-0.22
2015-05-27,-0.24
2015-05-28,-0.24
2015-05-29,-0.23
2015-06-01,-0.23
2015-06-02,-0.22
2015-06-03,-0.21
2015-06-04,-0.18
2015-06-05,-0.18
2015-06-08,-0.19
2015-06-09,-0.17
2015-06-10,-0.16
2015-06-11,-0.18
2015-06-12,-0.18
2015-06-15,-0.19
2015-06-16,-0.21
2015-06-17,-0.21
2015-06-18,-0.21
2015-06-19,-0.22
2015-06-22,-0.22
2015-06-23,-0.21
2015-06-24,-0.21
2015-06-25,-0.22
2015-06-26,-0.22
2015-06-29,-0.24
2015-06-30,-0.24
2015-07-01,-0.25
2015-07-02,-0.26
2015-07-03,-0.27
2015-07-06,-0.28
2015-07-07,-0.29
2015-07-08,-0.28
2015-07-09,-0.27
2015-07-10,-0.26
2015-07-13,-0.22
2015-07-14,-0.24
2015-07-15,-0.26
2015-07-16,-0.24
2015-07-17,-0.25
2015-07-20,-0.25
2015-07-21,-0.25
2015-07-22,-0.25
2015-07-23,-0.25
2015-07-24,-0.25
2015-07-27,-0.25
2015-07-28,-0.25
2015-07-29,-0.25
2015-07-30,-0.26
2015-07-31,-0.26
2015-08-03,-0.26
2015-08-04,-0.26
2015-08-05,-0.27
2015-08-06,-0.27
2015-08-07,-0.27
2015-08-10,-0.28
2015-08-11,-0.29
2015-08-12,-0.29
2015-08-13,-0.29
2015-08-14,-0.29
2015-08-17,-0.28
2015-08-18,-0.28
2015-08-19,-0.26
2015-08-20,-0.27
2015-08-21,-0.27
2015-08-24,-0.27
2015-08-25,-0.26
2015-08-26,-0.24
2015-08-27,-0.24
2015-08-28,-0.22
2015-08-31,-0.22
2015-09-01,-0.21
2015-09-02,-0.21
2015-09-03,-0.22
2015-09-04,-0.24
2015-09-07,-0.23
2015-09-08,-0.23
2015-09-09,-0.24
2015-09-10,-0.24
2015-09-11,-0.24
2015-09-14,-0.25
2015-09-15,-0.25
2015-09-16,-0.24
2015-09-17,-0.22
2015-09-18,-0.24
2015-09-21,-0.24
2015-09-22,-0.26
2015-09-23,-0.26
2015-09-24,-0.25
2015-09-25,-0.24
2015-09-28,-0.26
2015-09-29,-0.26
2015-09-30,-0.26
2015-10-01,-0.26
2015-10-02,-0.27
2015-10-05,-0.28
2015-10-06,-0.27
2015-10-07,-0.26
2015-10-08,-0.27
2015-10-09,-0.26
2015-10-12,-0.26
2015-10-13,-0.28
2015-10-14,-0.28
2015-10-15,-0.29
2015-10-16,-0.28
2015-10-19,-0.29
2015-10-20,-0.28
2015-10-21,-0.27
2015-10-22,-0.28
2015-10-23,-0.33
2015-10-26,-0.34
2015-10-27,-0.34
2015-10-28,-0.35
2015-10-29,-0.35
2015-10-30,-0.34
2015-11-02,-0.31
2015-11-03,-0.32
2015-11-04,-0.33
2015-11-05,-0.33
2015-11-06,-0.33
2015-11-09,-0.29
2015-11-10,-0.35
2015-11-11,-0.35
2015-11-12,-0.36
2015-11-13,-0.36
2015-11-16,-0.36
2015-11-17,-0.37
2015-11-18,-0.38
2015-11-19,-0.37
2015-11-20,-0.38
2015-11-23,-0.38
2015-11-24,-0.41
2015-11-25,-0.4
2015-11-26,-0.42
2015-11-27,-0.43
2015-11-30,-0.42
2015-12-01,-0.43
2015-12-02,-0.44
2015-12-03,-0.45
2015-12-04,-0.3
2015-12-07,-0.31
2015-12-08,-0.32
2015-12-09,-0.33
2015-12-10,-0.34
2015-12-11,-0.35
2015-12-14,-0.37
2015-12-15,-0.34
2015-12-16,-0.35
2015-12-17,-0.36
2015-12-18,-0.37
2015-12-21,-0.37
2015-12-22,-0.38
2015-12-23,-0.36
2015-12-28,-0.34
2015-12-29,-0.36
2015-12-30,-0.35
2016-01-04,-0.37
2016-01-05,-0.38
2016-01-06,-0.4
2016-01-07,-0.41
2016-01-08,-0.4
2016-01-11,-0.4
2016-01-12,-0.38
2016-01-13,-0.39
2016-01-14,-0.4
2016-01-15,-0.41
2016-01-18,-0.4
2016-01-19,-0.4
2016-01-20,-0.42
2016-01-21,-0.41
2016-01-22,-0.46
2016-01-25,-0.45
2016-01-26,-0.46
2016-01-27,-0.46
2016-01-28,-0.46
2016-01-29,-0.48
2016-02-01,-0.49
2016-02-02,-0.48
2016-02-03,-0.48
2016-02-04,-0.48
2016-02-05,-0.48
2016-02-08,-0.5
2016-02-09,-0.5
2016-02-10,-0.51
2016-02-11,-0.54
2016-02-12,-0.53
2016-02-15,-0.5
2016-02-16,-0.51
2016-02-17,-0.51
2016-02-18,-0.51
2016-02-19,-0.53
2016-02-22,-0.53
2016-02-23,-0.52
2016-02-24,-0.53
2016-02-25,-0.53
2016-02-26,-0.54
2016-02-29,-0.56
2016-03-01,-0.57
2016-03-02,-0.55
2016-03-03,-0.56
2016-03-04,-0.56
2016-03-07,-0.56
2016-03-08,-0.57
2016-03-09,-0.55
2016-03-10,-0.56
2016-03-11,-0.47
2016-03-14,-0.48
2016-03-15,-0.47
2016-03-16,-0.47
2016-03-17,-0.48
2016-03-18,-0.5
2016-03-21,-0.5
2016-03-22,-0.5
2016-03-23,-0.5
2016-03-24,-0.51
2016-03-29,-0.51
2016-03-30,-0.51
2016-03-31,-0.52
2016-04-01,-0.51
2016-04-04,-0.48
2016-04-05,-0.49
2016-04-06,-0.49
2016-04-07,-0.51
2016-04-08,-0.52
2016-04-11,-0.52
2016-04-12,-0.52
2016-04-13,-0.52
2016-04-14,-0.52
2016-04-15,-0.51
2016-04-18,-0.52
2016-04-19,-0.51
2016-04-20,-0.51
2016-04-21,-0.49
2016-04-22,-0.5
2016-04-25,-0.51
2016-04-26,-0.5
2016-04-27,-0.5
2016-04-28,-0.51
2016-04-29,-0.5
2016-05-02,-0.49
2016-05-03,-0.49
2016-05-04,-0.5
2016-05-05,-0.5
2016-05-06,-0.52
2016-05-09,-0.52
2016-05-10,-0.52
2016-05-11,-0.52
2016-05-12,-0.52
2016-05-13,-0.52
2016-05-17,-0.52
2016-05-18,-0.52
2016-05-19,-0.51
2016-05-20,-0.51
2016-05-23,-0.51
2016-05-24,-0.51
2016-05-25,-0.51
2016-05-26,-0.51
2016-05-27,-0.53
2016-05-30,-0.53
2016-05-31,-0.53
2016-06-01,-0.53
2016-06-02,-0.52
2016-06-03,-0.53
2016-06-06,-0.55
2016-06-07,-0.55
2016-06-08,-0.55
2016-06-09,-0.55
2016-06-10,-0.56
2016-06-13,-0.55
2016-06-14,-0.58
2016-06-15,-0.59
2016-06-16,-0.6
2016-06-17,-0.6
2016-06-20,-0.59
2016-06-21,-0.59
2016-06-22,-0.59
2016-06-23,-0.59
2016-06-24,-0.66
2016-06-27,-0.67
2016-06-28,-0.66
2016-06-29,-0.67
2016-06-30,-0.66
2016-07-01,-0.66
2016-07-04,-0.67
2016-07-05,-0.69
2016-07-06,-0.7
2016-07-07,-0.69
2016-07-08,-0.7
2016-07-11,-0.72
2016-07-12,-0.7
2016-07-13,-0.69
2016-07-14,-0.69
2016-07-15,-0.67
2016-07-18,-0.67
2016-07-19,-0.67
2016-07-20,-0.66
2016-07-21,-0.63
2016-07-22,-0.63
2016-07-25,-0.63
2016-07-26,-0.63
2016-07-27,-0.64
2016-07-28,-0.65
2016-07-29,-0.64
2016-08-01,-0.65
2016-08-02,-0.63
2016-08-03,-0.63
2016-08-04,-0.62
2016-08-05,-0.64
2016-08-08,-0.64
2016-08-09,-0.64
2016-08-10,-0.65
2016-08-11,-0.66
2016-08-12,-0.65
2016-08-15,-0.65
2016-08-16,-0.64
2016-08-17,-0.63
2016-08-18,-0.63
2016-08-19,-0.63
2016-08-22,-0.63
2016-08-23,-0.64
2016-08-24,-0.64
2016-08-25,-0.63
2016-08-26,-0.63
2016-08-29,-0.63
2016-08-30,-0.64
2016-08-31,-0.64
2016-09-01,-0.63
2016-09-02,-0.64
2016-09-05,-0.65
2016-09-06,-0.66
2016-09-07,-0.68
2016-09-08,-0.69
2016-09-09,-0.65
2016-09-12,-0.64
2016-09-13,-0.65
2016-09-14,-0.64
2016-09-15,-0.65
2016-09-16,-0.67
2016-09-19,-0.66
2016-09-20,-0.67
2016-09-21,-0.67
2016-09-22,-0.68
2016-09-23,-0.68
2016-09-26,-0.69
2016-09-27,-0.72
2016-09-28,-0.71
2016-09-29,-0.7
2016-09-30,-0.72
2016-10-04,-0.7
2016-10-05,-0.69
2016-10-06,-0.69
2016-10-07,-0.67
2016-10-10,-0.68
2016-10-11,-0.68
2016-10-12,-0.68
2016-10-13,-0.68
2016-10-14,-0.67
2016-10-17,-0.66
2016-10-18,-0.67
2016-10-19,-0.68
2016-10-20,-0.68
2016-10-21,-0.68
2016-10-24,-0.68
2016-10-25,-0.67
2016-10-26,-0.66
2016-10-27,-0.64
2016-10-28,-0.63
2016-10-31,-0.63
2016-11-01,-0.63
2016-11-02,-0.65
2016-11-03,-0.64
2016-11-04,-0.65
2016-11-07,-0.65
2016-11-08,-0.65
2016-11-09,-0.66
2016-11-10,-0.66
2016-11-11,-0.63
2016-11-14,-0.62
2016-11-15,-0.65
2016-11-16,-0.65
2016-11-17,-0.66
2016-11-18,-0.67
2016-11-21,-0.7
2016-11-22,-0.73
2016-11-23,-0.76
2016-11-24,-0.76
2016-11-25,-0.78
2016-11-28,-0.79
2016-11-29,-0.8
2016-11-30,-0.8
2016-12-01,-0.78
2016-12-02,-0.76
2016-12-05,-0.75
2016-12-06,-0.73
2016-12-07,-0.71
2016-12-08,-0.68
2016-12-09,-0.75
2016-12-12,-0.74
2016-12-13,-0.75
2016-12-14,-0.76
2016-12-15,-0.77
2016-12-16,-0.81
2016-12-19,-0.81
2016-12-20,-0.81
2016-12-21,-0.81
2016-12-22,-0.8
2016-12-23,-0.81
2016-12-27,-0.83
2016-12-28,-0.85
2016-12-29,-0.83
2016-12-30,-0.8
2017-01-02,-0.81
2017-01-03,-0.79
2017-01-04,-0.8
2017-01-05,-0.77
2017-01-06,-0.73
2017-01-09,-0.75
2017-01-10,-0.75
2017-01-11,-0.73
2017-01-12,-0.73
2017-01-13,-0.74
2017-01-16,-0.76
2017-01-17,-0.77
2017-01-18,-0.75
2017-01-19,-0.73
2017-01-20,-0.72
2017-01-23,-0.7
2017-01-24,-0.71
2017-01-25,-0.69
2017-01-26,-0.67
2017-01-27,-0.69
2017-01-30,-0.68
2017-01-31,-0.7
2017-02-01,-0.72
2017-02-02,-0.75
2017-02-03,-0.75
2017-02-06,-0.78
2017-02-07,-0.81
2017-02-08,-0.83
2017-02-09,-0.84
2017-02-10,-0.82
2017-02-13,-0.84
2017-02-14,-0.84
2017-02-15,-0.84
2017-02-16,-0.83
2017-02-17,-0.84
2017-02-20,-0.85
2017-02-21,-0.87
2017-02-22,-0.92
2017-02-23,-0.9
2017-02-24,-0.96
2017-02-27,-0.96
2017-02-28,-0.92
2017-03-01,-0.89
2017-03-02,-0.86
2017-03-03,-0.86
2017-03-06,-0.83
2017-03-07,-0.87
2017-03-08,-0.88
2017-03-09,-0.85
2017-03-10,-0.87
2017-03-13,-0.83
2017-03-14,-0.82
2017-03-15,-0.83
2017-03-16,-0.82
2017-03-17,-0.78
2017-03-20,-0.79
2017-03-21,-0.76
2017-03-22,-0.77
2017-03-23,-0.77
2017-03-24,-0.74
2017-03-27,-0.74
2017-03-28,-0.72
2017-03-29,-0.73
2017-03-30,-0.76
2017-03-31,-0.74
2017-04-03,-0.78
2017-04-04,-0.84
2017-04-05,-0.8
2017-04-06,-0.8
2017-04-07,-0.81
2017-04-10,-0.83
2017-04-11,-0.85
2017-04-12,-0.86
2017-04-13,-0.87
2017-04-18,-0.87
2017-04-19,-0.84
2017-04-20,-0.79
2017-04-21,-0.82
2017-04-24,-0.71
2017-04-25,-0.7
2017-04-26,-0.71
2017-04-27,-0.72
2017-04-28,-0.74
2017-05-02,-0.75
2017-05-03,-0.75
2017-05-04,-0.74
2017-05-05,-0.73
2017-05-08,-0.7
2017-05-09,-0.68
2017-05-10,-0.68
2017-05-11,-0.66
2017-05-12,-0.69
2017-05-15,-0.69
2017-05-16,-0.68
2017-05-17,-0.67
2017-05-18,-0.71
2017-05-19,-0.69
2017-05-22,-0.69
2017-05-23,-0.67
2017-05-24,-0.68
2017-05-25,-0.7
2017-05-26,-0.71
2017-05-29,-0.72
2017-05-30,-0.74
2017-05-31,-0.74
2017-06-01,-0.75
2017-06-02,-0.75
2017-06-06,-0.75
2017-06-07,-0.76
2017-06-08,-0.74
2017-06-09,-0.76
2017-06-12,-0.76
2017-06-13,-0.74
2017-06-14,-0.72
2017-06-15,-0.69
2017-06-16,-0.65
2017-06-19,-0.68
2017-06-20,-0.68
2017-06-21,-0.68
2017-06-22,-0.64
2017-06-23,-0.64
2017-06-26,-0.65
2017-06-27,-0.62
2017-06-28,-0.59
2017-06-29,-0.59
2017-06-30,-0.6
2017-07-03,-0.6
2017-07-04,-0.62
2017-07-05,-0.61
2017-07-06,-0.6
2017-07-07,-0.6
2017-07-10,-0.63
2017-07-11,-0.62
2017-07-12,-0.63
2017-07-13,-0.65
2017-07-14,-0.64
2017-07-17,-0.64
2017-07-18,-0.64
2017-07-19,-0.65
2017-07-20,-0.65
2017-07-21,-0.66
2017-07-24,-0.66
2017-07-25,-0.67
2017-07-26,-0.66
2017-07-27,-0.67
2017-07-28,-0.65
2017-07-31,-0.68
2017-08-01,-0.68
2017-08-02,-0.7
2017-08-03,-0.68
2017-08-04,-0.7
2017-08-07,-0.68
2017-08-08,-0.69
2017-08-09,-0.71
2017-08-10,-0.71
2017-08-11,-0.73
2017-08-14,-0.72
2017-08-15,-0.72
2017-08-16,-0.7
2017-08-17,-0.71
2017-08-18,-0.71
2017-08-21,-0.71
2017-08-22,-0.71
2017-08-23,-0.71
2017-08-24,-0.73
2017-08-25,-0.73
2017-08-28,-0.73
2017-08-29,-0.76
2017-08-30,-0.74
2017-08-31,-0.74
2017-09-01,-0.74
2017-09-04,-0.75
2017-09-05,-0.76
2017-09-06,-0.76
2017-09-07,-0.75
2017-09-08,-0.77
2017-09-11,-0.77
2017-09-12,-0.76
2017-09-13,-0.74
2017-09-14,-0.74
2017-09-15,-0.72
2017-09-18,-0.73
2017-09-19,-0.71
2017-09-20,-0.71
2017-09-21,-0.7
2017-09-22,-0.7
2017-09-25,-0.73
2017-09-26,-0.74
2017-09-27,-0.72
2017-09-28,-0.71
2017-09-29,-0.73
2017-10-02,-0.73
2017-10-04,-0.74
2017-10-05,-0.71
2017-10-06,-0.7
2017-10-09,-0.72
2017-10-10,-0.73
2017-10-11,-0.71
2017-10-12,-0.71
2017-10-13,-0.73
2017-10-16,-0.75
2017-10-17,-0.76
2017-10-18,-0.74
2017-10-19,-0.74
2017-10-20,-0.73
2017-10-23,-0.74
2017-10-24,-0.72
2017-10-25,-0.71
2017-10-26,-0.71
2017-10-27,-0.76
2017-10-30,-0.77
2017-11-01,-0.76
2017-11-02,-0.75
2017-11-03,-0.77
2017-11-06,-0.77
2017-11-07,-0.77
2017-11-08,-0.78
2017-11-09,-0.77
2017-11-10,-0.76
2017-11-13,-0.76
2017-11-14,-0.75
2017-11-15,-0.76
2017-11-16,-0.74
2017-11-17,-0.74
2017-11-20,-0.75
2017-11-21,-0.75
2017-11-22,-0.72
2017-11-23,-0.72
2017-11-24,-0.72
2017-11-27,-0.72
2017-11-28,-0.74
2017-11-29,-0.72
2017-11-30,-0.71
2017-12-01,-0.72
2017-12-04,-0.73
2017-12-05,-0.73
2017-12-06,-0.76
2017-12-07,-0.77
2017-12-08,-0.77
2017-12-11,-0.76
2017-12-12,-0.75
2017-12-13,-0.75
2017-12-14,-0.75
2017-12-15,-0.76
2017-12-18,-0.73
2017-12-19,-0.73
2017-12-20,-0.71
2017-12-21,-0.68
2017-12-22,-0.68
2017-12-27,-0.66
2017-12-28,-0.65
2017-12-29,-0.64
2018-01-02,-0.64
2018-01-03,-0.65
2018-01-04,-0.63
2018-01-05,-0.63
2018-01-08,-0.63
2018-01-09,-0.63
2018-01-10,-0.62
2018-01-11,-0.62
2018-01-12,-0.57
2018-01-15,-0.58
2018-01-16,-0.58
2018-01-17,-0.58
2018-01-18,-0.57
2018-01-19,-0.59
2018-01-22,-0.6
2018-01-23,-0.6
2018-01-24,-0.59
2018-01-25,-0.59
2018-01-26,-0.57
2018-01-29,-0.52
2018-01-30,-0.53
2018-01-31,-0.54
2018-02-01,-0.52
2018-02-02,-0.53
2018-02-05,-0.55
2018-02-06,-0.57
2018-02-07,-0.55
2018-02-08,-0.53
2018-02-09,-0.54
2018-02-12,-0.56
2018-02-13,-0.57
2018-02-14,-0.56
2018-02-15,-0.54
2018-02-16,-0.55
2018-02-19,-0.55
2018-02-20,-0.55
2018-02-21,-0.56
2018-02-22,-0.56
2018-02-23,-0.58
2018-02-26,-0.57
2018-02-27,-0.56
2018-02-28,-0.56
2018-03-01,-0.59
2018-03-02,-0.58
2018-03-05,-0.59
2018-03-06,-0.58
2018-03-07,-0.57
2018-03-08,-0.56
2018-03-09,-0.57
2018-03-12,-0.58
2018-03-13,-0.59
2018-03-14,-0.58
2018-03-15,-0.59
2018-03-16,-0.59
2018-03-19,-0.59
2018-03-20,-0.59
2018-03-21,-0.59
2018-03-22,-0.6
2018-03-23,-0.61
2018-03-26,-0.59
2018-03-27,-0.61
2018-03-28,-0.62
2018-03-29,-0.6
2018-04-03,-0.6
2018-04-04,-0.6
2018-04-05,-0.59
2018-04-06,-0.59
2018-04-09,-0.59
2018-04-10,-0.59
2018-04-11,-0.57
2018-04-12,-0.57
2018-04-13,-0.57
2018-04-16,-0.57
2018-04-17,-0.58
2018-04-18,-0.58
2018-04-19,-0.56
2018-04-20,-0.56
2018-04-23,-0.55
2018-04-24,-0.54
2018-04-25,-0.54
2018-04-26,-0.55
2018-04-27,-0.56
2018-04-30,-0.56
2018-05-02,-0.57
2018-05-03,-0.57
2018-05-04,-0.57
2018-05-07,-0.57
2018-05-08,-0.58
2018-05-09,-0.56
2018-05-10,-0.57
2018-05-11,-0.58
2018-05-14,-0.56
2018-05-15,-0.54
2018-05-16,-0.56
2018-05-17,-0.56
2018-05-18,-0.55
2018-05-22,-0.6
2018-05-23,-0.62
2018-05-24,-0.6
2018-05-25,-0.63
2018-05-28,-0.65
2018-05-29,-0.81
2018-05-30,-0.74
2018-05-31,-0.65
2018-06-01,-0.65
2018-06-04,-0.64
2018-06-05,-0.63
2018-06-06,-0.64
2018-06-07,-0.61
2018-06-08,-0.66
2018-06-11,-0.64
2018-06-12,-0.6
2018-06-13,-0.61
2018-06-14,-0.6
2018-06-15,-0.65
2018-06-18,-0.64
2018-06-19,-0.65
2018-06-20,-0.64
2018-06-21,-0.66
2018-06-22,-0.68
2018-06-25,-0.67
2018-06-26,-0.68
2018-06-27,-0.69
2018-06-28,-0.7
2018-06-29,-0.65
2018-07-02,-0.68
2018-07-03,-0.68
2018-07-04,-0.68
2018-07-05,-0.65
2018-07-06,-0.67
2018-07-09,-0.66
2018-07-10,-0.65
2018-07-11,-0.65
2018-07-12,-0.65
2018-07-13,-0.66
2018-07-16,-0.64
2018-07-17,-0.64
2018-07-18,-0.65
2018-07-19,-0.64
2018-07-20,-0.64
2018-07-23,-0.63
2018-07-24,-0.62
2018-07-25,-0.63
2018-07-26,-0.61
2018-07-27,-0.61
2018-07-30,-0.6
2018-07-31,-0.6
2018-08-01,-0.58
2018-08-02,-0.57
2018-08-03,-0.6
2018-08-06,-0.6
2018-08-07,-0.6
2018-08-08,-0.61
2018-08-09,-0.61
2018-08-10,-0.64
2018-08-13,-0.65
2018-08-14,-0.65
2018-08-15,-0.64
2018-08-16,-0.65
2018-08-17,-0.65
2018-08-20,-0.65
2018-08-21,-0.64
2018-08-22,-0.62
2018-08-23,-0.61
2018-08-24,-0.62
2018-08-27,-0.6
2018-08-28,-0.6
2018-08-29,-0.59
2018-08-30,-0.6
2018-08-31,-0.61
2018-09-03,-0.61
2018-09-04,-0.61
2018-09-05,-0.59
2018-09-06,-0.58
2018-09-07,-0.58
2018-09-10,-0.56
2018-09-11,-0.56
2018-09-12,-0.56
2018-09-13,-0.57
2018-09-14,-0.56
2018-09-17,-0.55
2018-09-18,-0.55
2018-09-19,-0.55
2018-09-20,-0.54
2018-09-21,-0.55
2018-09-24,-0.54
2018-09-25,-0.53
2018-09-26,-0.53
2018-09-27,-0.53
2018-09-28,-0.54
2018-10-01,-0.55
2018-10-02,-0.59
2018-10-04,-0.54
2018-10-05,-0.54
2018-10-08,-0.56
2018-10-09,-0.56
2018-10-10,-0.54
2018-10-11,-0.57
2018-10-12,-0.57
2018-10-15,-0.6
2018-10-16,-0.59
2018-10-17,-0.6
2018-10-18,-0.6
2018-10-19,-0.65
2018-10-22,-0.61
2018-10-23,-0.63
2018-10-24,-0.65
2018-10-25,-0.65
2018-10-26,-0.66
2018-10-29,-0.65
2018-10-30,-0.65
2018-10-31,-0.65
2018-11-01,-0.63
2018-11-02,-0.63
2018-11-05,-0.64
2018-11-06,-0.64
2018-11-07,-0.62
2018-11-08,-0.6
2018-11-09,-0.61
2018-11-12,-0.63
2018-11-13,-0.63
2018-11-14,-0.62
2018-11-15,-0.64
2018-11-16,-0.63
2018-11-19,-0.62
2018-11-20,-0.64
2018-11-21,-0.62
2018-11-22,-0.62
2018-11-23,-0.62
2018-11-26,-0.62
2018-11-27,-0.62
2018-11-28,-0.63
2018-11-29,-0.63
2018-11-30,-0.64
2018-12-03,-0.62
2018-12-04,-0.65
2018-12-05,-0.66
2018-12-06,-0.66
2018-12-07,-0.63
2018-12-10,-0.6
2018-12-11,-0.59
2018-12-12,-0.62
2018-12-13,-0.59
2018-12-14,-0.63
2018-12-17,-0.64
2018-12-18,-0.64
2018-12-19,-0.62
2018-12-20,-0.63
2018-12-21,-0.62
2018-12-27,-0.66
2018-12-28,-0.65
2019-01-02,-0.65
2019-01-03,-0.64
2019-01-04,-0.63
2019-01-07,-0.62
2019-01-08,-0.6
2019-01-09,-0.6
2019-01-10,-0.61
2019-01-11,-0.62
2019-01-14,-0.61
2019-01-15,-0.63
2019-01-16,-0.64
2019-01-17,-0.63
2019-01-18,-0.61
2019-01-21,-0.61
2019-01-22,-0.61
2019-01-23,-0.6
2019-01-24,-0.6
2019-01-25,-0.6
2019-01-28,-0.61
2019-01-29,-0.59
2019-01-30,-0.58
2019-01-31,-0.58
2019-02-01,-0.59
2019-02-04,-0.59
2019-02-05,-0.57
2019-02-06,-0.57
2019-02-07,-0.57
2019-02-08,-0.58
2019-02-11,-0.59
2019-02-12,-0.58
2019-02-13,-0.58
2019-02-14,-0.56
2019-02-15,-0.56
2019-02-18,-0.57
2019-02-19,-0.59
2019-02-20,-0.59
2019-02-21,-0.57
2019-02-22,-0.57
2019-02-25,-0.56
2019-02-26,-0.56
2019-02-27,-0.56
2019-02-28,-0.55
2019-03-01,-0.53
2019-03-04,-0.53
