DATE,6m
1997-08-07,3.23
1997-08-08,3.24
1997-08-11,3.23
1997-08-12,3.24
1997-08-13,3.3
1997-08-14,3.31
1997-08-15,3.35
1997-08-18,3.32
1997-08-19,3.29
1997-08-20,3.29
1997-08-21,3.33
1997-08-22,3.36
1997-08-25,3.35
1997-08-26,3.37
1997-08-27,3.37
1997-08-28,3.33
1997-08-29,3.31
1997-09-01,3.37
1997-09-02,3.33
1997-09-03,3.33
1997-09-04,3.34
1997-09-05,3.32
1997-09-08,3.3
1997-09-09,3.31
1997-09-10,3.3
1997-09-11,3.31
1997-09-12,3.33
1997-09-15,3.35
1997-09-16,3.38
1997-09-17,3.36
1997-09-18,3.38
1997-09-19,3.39
1997-09-22,3.41
1997-09-23,3.38
1997-09-24,3.38
1997-09-25,3.39
1997-09-26,3.44
1997-09-29,3.43
1997-09-30,3.44
1997-10-01,3.42
1997-10-02,3.43
1997-10-06,3.4
1997-10-07,3.39
1997-10-08,3.4
1997-10-09,3.45
1997-10-10,3.66
1997-10-13,3.64
1997-10-14,3.64
1997-10-15,3.66
1997-10-16,3.72
1997-10-17,3.74
1997-10-20,3.76
1997-10-21,3.77
1997-10-22,3.82
1997-10-23,3.83
1997-10-24,3.83
1997-10-27,3.81
1997-10-28,3.72
1997-10-29,3.76
1997-10-30,3.73
1997-10-31,3.74
1997-11-03,3.74
1997-11-04,3.75
1997-11-05,3.76
1997-11-06,3.81
1997-11-07,3.81
1997-11-10,3.84
1997-11-11,3.83
1997-11-12,3.85
1997-11-13,3.85
1997-11-14,3.84
1997-11-17,3.83
1997-11-18,3.81
1997-11-19,3.81
1997-11-20,3.8
1997-11-21,3.8
1997-11-24,3.79
1997-11-25,3.79
1997-11-26,3.81
1997-11-27,3.83
1997-11-28,3.81
1997-12-01,3.81
1997-12-02,3.81
1997-12-03,3.84
1997-12-04,3.82
1997-12-05,3.81
1997-12-08,3.83
1997-12-09,3.81
1997-12-10,3.82
1997-12-11,3.79
1997-12-12,3.81
1997-12-15,3.77
1997-12-16,3.81
1997-12-17,3.78
1997-12-18,3.72
1997-12-19,3.73
1997-12-22,3.65
1997-12-23,3.65
1997-12-29,3.63
1997-12-30,3.65
1998-01-02,3.66
1998-01-05,3.62
1998-01-06,3.65
1998-01-07,3.66
1998-01-08,3.6
1998-01-09,3.56
1998-01-12,3.54
1998-01-13,3.53
1998-01-14,3.55
1998-01-15,3.55
1998-01-16,3.53
1998-01-19,3.52
1998-01-20,3.52
1998-01-21,3.52
1998-01-22,3.56
1998-01-23,3.55
1998-01-26,3.55
1998-01-27,3.52
1998-01-28,3.53
1998-01-29,3.54
1998-01-30,3.52
1998-02-02,3.52
1998-02-03,3.52
1998-02-04,3.55
1998-02-05,3.52
1998-02-06,3.53
1998-02-09,3.49
1998-02-10,3.47
1998-02-11,3.46
1998-02-12,3.46
1998-02-13,3.45
1998-02-16,3.45
1998-02-17,3.45
1998-02-18,3.41
1998-02-19,3.43
1998-02-20,3.45
1998-02-23,3.47
1998-02-24,3.46
1998-02-25,3.48
1998-02-26,3.49
1998-02-27,3.51
1998-03-02,3.51
1998-03-03,3.52
1998-03-04,3.56
1998-03-05,3.56
1998-03-06,3.58
1998-03-09,3.53
1998-03-10,3.55
1998-03-11,3.54
1998-03-12,3.53
1998-03-13,3.53
1998-03-16,3.54
1998-03-17,3.54
1998-03-18,3.54
1998-03-19,3.58
1998-03-20,3.62
1998-03-23,3.63
1998-03-24,3.61
1998-03-25,3.62
1998-03-26,3.59
1998-03-27,3.61
1998-03-30,3.6
1998-03-31,3.61
1998-04-01,3.65
1998-04-02,3.65
1998-04-03,3.65
1998-04-06,3.66
1998-04-07,3.68
1998-04-08,3.7
1998-04-09,3.66
1998-04-14,3.69
1998-04-15,3.69
1998-04-16,3.7
1998-04-17,3.7
1998-04-20,3.68
1998-04-21,3.71
1998-04-22,3.7
1998-04-23,3.73
1998-04-24,3.68
1998-04-27,3.7
1998-04-28,3.69
1998-04-29,3.7
1998-04-30,3.72
1998-05-04,3.74
1998-05-05,3.73
1998-05-06,3.74
1998-05-07,3.72
1998-05-08,3.7
1998-05-11,3.71
1998-05-12,3.73
1998-05-13,3.72
1998-05-14,3.7
1998-05-15,3.69
1998-05-18,3.7
1998-05-19,3.69
1998-05-20,3.67
1998-05-22,3.68
1998-05-25,3.69
1998-05-26,3.68
1998-05-27,3.65
1998-05-28,3.61
1998-05-29,3.59
1998-06-02,3.59
1998-06-03,3.59
1998-06-04,3.57
1998-06-05,3.61
1998-06-08,3.6
1998-06-09,3.61
1998-06-10,3.61
1998-06-12,3.57
1998-06-15,3.54
1998-06-16,3.52
1998-06-17,3.53
1998-06-18,3.54
1998-06-19,3.54
1998-06-22,3.54
1998-06-23,3.55
1998-06-24,3.54
1998-06-25,3.53
1998-06-26,3.51
1998-06-29,3.51
1998-06-30,3.41
1998-07-01,3.51
1998-07-02,3.4
1998-07-03,3.5
1998-07-06,3.4
1998-07-07,3.42
1998-07-08,3.42
1998-07-09,3.51
1998-07-10,3.55
1998-07-13,3.55
1998-07-14,3.57
1998-07-15,3.56
1998-07-16,3.55
1998-07-17,3.56
1998-07-20,3.55
1998-07-21,3.56
1998-07-22,3.56
1998-07-23,3.59
1998-07-24,3.6
1998-07-27,3.61
1998-07-28,3.6
1998-07-29,3.61
1998-07-30,3.57
1998-07-31,3.58
1998-08-03,3.58
1998-08-04,3.57
1998-08-05,3.56
1998-08-06,3.56
1998-08-07,3.55
1998-08-10,3.57
1998-08-11,3.55
1998-08-12,3.53
1998-08-13,3.52
1998-08-14,3.54
1998-08-17,3.49
1998-08-18,3.5
1998-08-19,3.54
1998-08-20,3.53
1998-08-21,3.49
1998-08-24,3.51
1998-08-25,3.47
1998-08-26,3.49
1998-08-27,3.46
1998-08-28,3.42
1998-08-31,3.43
1998-09-01,3.44
1998-09-02,3.44
1998-09-03,3.44
1998-09-04,3.46
1998-09-07,3.47
1998-09-08,3.46
1998-09-09,3.46
1998-09-10,3.45
1998-09-11,3.41
1998-09-14,3.43
1998-09-15,3.43
1998-09-16,3.48
1998-09-17,3.46
1998-09-18,3.47
1998-09-21,3.47
1998-09-22,3.48
1998-09-23,3.48
1998-09-24,3.48
1998-09-25,3.47
1998-09-28,3.46
1998-09-29,3.48
1998-09-30,3.5
1998-10-01,3.47
1998-10-02,3.45
1998-10-05,3.46
1998-10-06,3.44
1998-10-07,3.46
1998-10-08,3.44
1998-10-09,3.43
1998-10-12,3.39
1998-10-13,3.41
1998-10-14,3.43
1998-10-15,3.4
1998-10-16,3.36
1998-10-19,3.36
1998-10-20,3.37
1998-10-21,3.38
1998-10-22,3.36
1998-10-23,3.39
1998-10-26,3.41
1998-10-27,3.43
1998-10-28,3.45
1998-10-29,3.41
1998-10-30,3.41
1998-11-02,3.43
1998-11-03,3.43
1998-11-04,3.47
1998-11-05,3.46
1998-11-06,3.47
1998-11-09,3.49
1998-11-10,3.47
1998-11-11,3.48
1998-11-12,3.45
1998-11-13,3.47
1998-11-16,3.52
1998-11-17,3.51
1998-11-18,3.48
1998-11-19,3.46
1998-11-20,3.47
1998-11-23,3.46
1998-11-24,3.42
1998-11-25,3.39
1998-11-26,3.35
1998-11-27,3.31
1998-11-30,3.33
1998-12-01,3.31
1998-12-02,3.29
1998-12-03,3.26
1998-12-04,3.17
1998-12-07,3.19
1998-12-08,3.2
1998-12-09,3.17
1998-12-10,3.16
1998-12-11,3.14
1998-12-14,3.13
1998-12-15,3.12
1998-12-16,3.11
1998-12-17,3.02
1998-12-18,3.0
1998-12-21,3.01
1998-12-22,3.04
1998-12-23,3.03
1998-12-28,3.07
1998-12-29,3.03
1998-12-30,3.02
1999-01-04,2.93
1999-01-05,2.98
1999-01-06,2.99
1999-01-07,2.98
1999-01-08,3.0
1999-01-11,3.01
1999-01-12,3.0
1999-01-13,2.98
1999-01-14,2.97
1999-01-15,2.94
1999-01-18,2.93
1999-01-19,2.9
1999-01-20,2.91
1999-01-21,2.91
1999-01-22,2.91
1999-01-25,2.9
1999-01-26,2.92
1999-01-27,2.94
1999-01-28,2.92
1999-01-29,2.9
1999-02-01,2.92
1999-02-02,2.92
1999-02-03,2.94
1999-02-04,2.93
1999-02-05,2.93
1999-02-08,2.97
1999-02-09,2.94
1999-02-10,2.93
1999-02-11,2.92
1999-02-12,2.92
1999-02-15,2.93
1999-02-16,2.92
1999-02-17,2.91
1999-02-18,2.88
1999-02-19,2.88
1999-02-22,2.88
1999-02-23,2.88
1999-02-24,2.9
1999-02-25,2.93
1999-02-26,2.98
1999-03-01,3.01
1999-03-02,3.05
1999-03-03,3.04
1999-03-04,3.06
1999-03-05,3.04
1999-03-08,3.04
1999-03-09,3.03
1999-03-10,3.02
1999-03-11,3.01
1999-03-12,2.97
1999-03-15,2.96
1999-03-16,2.95
1999-03-17,2.93
1999-03-18,2.9
1999-03-19,2.9
1999-03-22,2.92
1999-03-23,2.93
1999-03-24,2.92
1999-03-25,2.9
1999-03-26,2.92
1999-03-29,2.9
1999-03-30,2.88
1999-03-31,2.85
1999-04-01,2.83
1999-04-06,2.8
1999-04-07,2.82
1999-04-08,2.8
1999-04-09,2.65
1999-04-12,2.64
1999-04-13,2.63
1999-04-14,2.61
1999-04-15,2.6
1999-04-16,2.6
1999-04-19,2.6
1999-04-20,2.59
1999-04-21,2.59
1999-04-22,2.58
1999-04-23,2.57
1999-04-26,2.56
1999-04-27,2.55
1999-04-28,2.55
1999-04-29,2.55
1999-04-30,2.55
1999-05-03,2.57
1999-05-04,2.56
1999-05-05,2.57
1999-05-06,2.57
1999-05-07,2.56
1999-05-10,2.57
1999-05-11,2.56
1999-05-12,2.54
1999-05-14,2.56
1999-05-17,2.56
1999-05-18,2.57
1999-05-19,2.57
1999-05-20,2.57
1999-05-21,2.58
1999-05-25,2.55
1999-05-26,2.57
1999-05-27,2.55
1999-05-28,2.56
1999-05-31,2.58
1999-06-01,2.6
1999-06-02,2.63
1999-06-04,2.64
1999-06-07,2.62
1999-06-08,2.6
1999-06-09,2.6
1999-06-10,2.61
1999-06-11,2.63
1999-06-14,2.61
1999-06-15,2.62
1999-06-16,2.64
1999-06-17,2.6
1999-06-18,2.6
1999-06-21,2.61
1999-06-22,2.62
1999-06-23,2.65
1999-06-24,2.63
1999-06-25,2.66
1999-06-28,2.68
1999-06-29,2.67
1999-06-30,2.69
1999-07-01,2.69
1999-07-02,2.71
1999-07-05,2.69
1999-07-06,2.71
1999-07-07,2.7
1999-07-08,2.71
1999-07-09,2.69
1999-07-12,2.72
1999-07-13,2.7
1999-07-14,2.66
1999-07-15,2.66
1999-07-16,2.73
1999-07-19,2.72
1999-07-20,2.74
1999-07-21,2.71
1999-07-22,2.71
1999-07-23,2.74
1999-07-26,2.72
1999-07-27,2.72
1999-07-28,2.73
1999-07-29,2.76
1999-07-30,2.74
1999-08-02,2.78
1999-08-03,2.78
1999-08-04,2.78
1999-08-05,2.81
1999-08-06,2.81
1999-08-09,2.85
1999-08-10,2.85
1999-08-11,2.82
1999-08-12,2.82
1999-08-13,2.85
1999-08-16,2.85
1999-08-17,2.84
1999-08-18,2.78
1999-08-19,2.79
1999-08-20,2.78
1999-08-23,2.77
1999-08-24,2.82
1999-08-25,2.82
1999-08-26,2.83
1999-08-27,2.85
1999-08-30,2.89
1999-08-31,2.88
1999-09-01,2.89
1999-09-02,2.89
1999-09-03,2.85
1999-09-06,2.81
1999-09-07,2.82
1999-09-08,2.83
1999-09-09,2.86
1999-09-10,2.84
1999-09-13,2.84
1999-09-14,2.85
1999-09-15,2.86
1999-09-16,2.86
1999-09-17,2.81
1999-09-20,2.8
1999-09-21,2.84
1999-09-22,2.83
1999-09-23,2.84
1999-09-24,2.8
1999-09-27,2.8
1999-09-28,2.83
1999-09-29,2.82
1999-09-30,2.84
1999-10-01,2.9
1999-10-04,2.97
1999-10-05,3.01
1999-10-06,3.05
1999-10-07,3.08
1999-10-08,3.04
1999-10-11,3.07
1999-10-12,3.12
1999-10-13,3.09
1999-10-14,3.16
1999-10-15,3.18
1999-10-18,3.15
1999-10-19,3.25
1999-10-20,3.31
1999-10-21,3.32
1999-10-22,3.29
1999-10-25,3.29
1999-10-26,3.34
1999-10-27,3.32
1999-10-28,3.28
1999-10-29,3.26
1999-11-01,3.31
1999-11-02,3.32
1999-11-03,3.31
1999-11-04,3.31
1999-11-05,3.26
1999-11-08,3.27
1999-11-09,3.25
1999-11-10,3.25
1999-11-11,3.25
1999-11-12,3.25
1999-11-15,3.26
1999-11-16,3.27
1999-11-17,3.3
1999-11-18,3.34
1999-11-19,3.33
1999-11-22,3.37
1999-11-23,3.37
1999-11-24,3.4
1999-11-25,3.42
1999-11-26,3.42
1999-11-29,3.41
1999-11-30,3.41
1999-12-01,3.41
1999-12-02,3.41
1999-12-03,3.45
1999-12-06,3.45
1999-12-07,3.43
1999-12-08,3.47
1999-12-09,3.46
1999-12-10,3.47
1999-12-13,3.47
1999-12-14,3.46
1999-12-15,3.47
1999-12-16,3.49
1999-12-17,3.5
1999-12-20,3.49
1999-12-21,3.48
1999-12-22,3.47
1999-12-23,3.45
1999-12-27,3.47
1999-12-28,3.51
1999-12-29,3.45
1999-12-30,3.46
2000-01-03,3.47
2000-01-04,3.49
2000-01-05,3.51
2000-01-06,3.49
2000-01-07,3.48
2000-01-10,3.46
2000-01-11,3.47
2000-01-12,3.48
2000-01-13,3.48
2000-01-14,3.47
2000-01-17,3.47
2000-01-18,3.48
2000-01-19,3.48
2000-01-20,3.49
2000-01-21,3.48
2000-01-24,3.49
2000-01-25,3.5
2000-01-26,3.52
2000-01-27,3.56
2000-01-28,3.6
2000-01-31,3.63
2000-02-01,3.64
2000-02-02,3.65
2000-02-03,3.66
2000-02-04,3.61
2000-02-07,3.64
2000-02-08,3.65
2000-02-09,3.65
2000-02-10,3.64
2000-02-11,3.67
2000-02-14,3.66
2000-02-15,3.67
2000-02-16,3.68
2000-02-17,3.7
2000-02-18,3.72
2000-02-21,3.79
2000-02-22,3.8
2000-02-23,3.8
2000-02-24,3.79
2000-02-25,3.74
2000-02-28,3.77
2000-02-29,3.79
2000-03-01,3.81
2000-03-02,3.83
2000-03-03,3.82
2000-03-06,3.83
2000-03-07,3.84
2000-03-08,3.87
2000-03-09,3.89
2000-03-10,3.9
2000-03-13,3.92
2000-03-14,3.95
2000-03-15,3.96
2000-03-16,3.97
2000-03-17,3.94
2000-03-20,3.93
2000-03-21,3.9
2000-03-22,3.92
2000-03-23,3.93
2000-03-24,3.94
2000-03-27,3.95
2000-03-28,3.95
2000-03-29,3.95
2000-03-30,3.97
2000-03-31,3.96
2000-04-03,3.96
2000-04-04,3.96
2000-04-05,3.94
2000-04-06,3.94
2000-04-07,3.96
2000-04-10,3.94
2000-04-11,3.97
2000-04-12,3.99
2000-04-13,4.01
2000-04-14,4.01
2000-04-17,4.0
2000-04-18,4.03
2000-04-19,4.04
2000-04-20,4.07
2000-04-25,4.12
2000-04-26,4.13
2000-04-27,4.13
2000-04-28,4.18
2000-05-02,4.23
2000-05-03,4.28
2000-05-04,4.38
2000-05-05,4.38
2000-05-08,4.37
2000-05-09,4.38
2000-05-10,4.38
2000-05-11,4.4
2000-05-12,4.46
2000-05-15,4.45
2000-05-16,4.46
2000-05-17,4.55
2000-05-18,4.57
2000-05-19,4.58
2000-05-22,4.61
2000-05-23,4.55
2000-05-24,4.54
2000-05-25,4.56
2000-05-26,4.53
2000-05-29,4.52
2000-05-30,4.52
2000-05-31,4.61
2000-06-01,4.62
2000-06-02,4.59
2000-06-05,4.53
2000-06-06,4.55
2000-06-07,4.53
2000-06-08,4.54
2000-06-09,4.69
2000-06-12,4.69
2000-06-13,4.68
2000-06-14,4.67
2000-06-15,4.64
2000-06-16,4.61
2000-06-19,4.61
2000-06-20,4.63
2000-06-21,4.65
2000-06-22,4.67
2000-06-23,4.68
2000-06-26,4.69
2000-06-27,4.69
2000-06-28,4.7
2000-06-29,4.71
2000-06-30,4.69
2000-07-03,4.71
2000-07-04,4.71
2000-07-05,4.7
2000-07-06,4.68
2000-07-07,4.7
2000-07-10,4.7
2000-07-11,4.71
2000-07-12,4.71
2000-07-13,4.75
2000-07-14,4.75
2000-07-17,4.77
2000-07-18,4.79
2000-07-19,4.85
2000-07-20,4.85
2000-07-21,4.82
2000-07-24,4.83
2000-07-25,4.81
2000-07-26,4.82
2000-07-27,4.83
2000-07-28,4.86
2000-07-31,4.86
2000-08-01,4.85
2000-08-02,4.87
2000-08-03,4.88
2000-08-04,4.87
2000-08-07,4.83
2000-08-08,4.84
2000-08-09,4.86
2000-08-10,4.86
2000-08-11,4.91
2000-08-14,4.97
2000-08-15,4.97
2000-08-16,4.99
2000-08-17,5.0
2000-08-18,5.01
2000-08-21,5.06
2000-08-22,5.03
2000-08-23,5.03
2000-08-24,5.04
2000-08-25,5.06
2000-08-28,5.09
2000-08-29,5.1
2000-08-30,5.1
2000-08-31,5.09
2000-09-01,5.04
2000-09-04,5.01
2000-09-05,5.03
2000-09-06,5.06
2000-09-07,5.1
2000-09-08,5.06
2000-09-11,5.07
2000-09-12,5.06
2000-09-13,5.05
2000-09-14,5.03
2000-09-15,4.99
2000-09-18,4.99
2000-09-19,4.95
2000-09-20,4.97
2000-09-21,4.96
2000-09-22,4.96
2000-09-25,4.97
2000-09-26,4.98
2000-09-27,5.0
2000-09-28,5.03
2000-09-29,5.04
2000-10-02,5.01
2000-10-04,5.0
2000-10-05,5.02
2000-10-06,5.04
2000-10-09,5.03
2000-10-10,5.04
2000-10-11,5.03
2000-10-12,5.03
2000-10-13,5.0
2000-10-16,5.04
2000-10-17,5.04
2000-10-18,5.03
2000-10-19,5.05
2000-10-20,5.08
2000-10-23,5.11
2000-10-24,5.12
2000-10-25,5.1
2000-10-26,5.11
2000-10-27,5.11
2000-10-30,5.09
2000-10-31,5.11
2000-11-01,5.09
2000-11-02,5.1
2000-11-03,5.11
2000-11-06,5.12
2000-11-07,5.11
2000-11-08,5.11
2000-11-09,5.12
2000-11-10,5.09
2000-11-13,5.07
2000-11-14,5.07
2000-11-15,5.07
2000-11-16,5.06
2000-11-17,5.04
2000-11-20,5.04
2000-11-21,5.06
2000-11-22,5.05
2000-11-23,5.05
2000-11-24,5.06
2000-11-27,5.09
2000-11-28,5.08
2000-11-29,5.04
2000-11-30,5.02
2000-12-01,5.0
2000-12-04,5.01
2000-12-05,5.0
2000-12-06,4.96
2000-12-07,4.94
2000-12-08,4.95
2000-12-11,4.94
2000-12-12,4.95
2000-12-13,4.96
2000-12-14,4.94
2000-12-15,4.92
2000-12-18,4.86
2000-12-19,4.86
2000-12-20,4.83
2000-12-21,4.82
2000-12-22,4.81
2000-12-27,4.79
2000-12-28,4.77
2000-12-29,4.76
2001-01-02,4.73
2001-01-03,4.69
2001-01-04,4.62
2001-01-05,4.56
2001-01-08,4.56
2001-01-09,4.58
2001-01-10,4.62
2001-01-11,4.63
2001-01-12,4.64
2001-01-15,4.65
2001-01-16,4.61
2001-01-17,4.64
2001-01-18,4.6
2001-01-19,4.6
2001-01-22,4.62
2001-01-23,4.62
2001-01-24,4.65
2001-01-25,4.64
2001-01-26,4.64
2001-01-29,4.64
2001-01-30,4.65
2001-01-31,4.6
2001-02-01,4.57
2001-02-02,4.58
2001-02-05,4.61
2001-02-06,4.62
2001-02-07,4.63
2001-02-08,4.61
2001-02-09,4.64
2001-02-12,4.63
2001-02-13,4.63
2001-02-14,4.63
2001-02-15,4.67
2001-02-16,4.68
2001-02-19,4.67
2001-02-20,4.69
2001-02-21,4.71
2001-02-22,4.74
2001-02-23,4.75
2001-02-26,4.74
2001-02-27,4.67
2001-02-28,4.64
2001-03-01,4.63
2001-03-02,4.65
2001-03-05,4.66
2001-03-06,4.68
2001-03-07,4.67
2001-03-08,4.66
2001-03-09,4.66
2001-03-12,4.68
2001-03-13,4.65
2001-03-14,4.69
2001-03-15,4.65
2001-03-16,4.65
2001-03-19,4.64
2001-03-20,4.62
2001-03-21,4.58
2001-03-22,4.51
2001-03-23,4.45
2001-03-26,4.44
2001-03-27,4.42
2001-03-28,4.42
2001-03-29,4.42
2001-03-30,4.42
2001-04-02,4.42
2001-04-03,4.45
2001-04-04,4.43
2001-04-05,4.44
2001-04-06,4.43
2001-04-09,4.42
2001-04-10,4.41
2001-04-11,4.45
2001-04-12,4.61
2001-04-17,4.63
2001-04-18,4.71
2001-04-19,4.6
2001-04-20,4.65
2001-04-23,4.66
2001-04-24,4.68
2001-04-25,4.71
2001-04-26,4.71
2001-04-27,4.69
2001-04-30,4.75
2001-05-02,4.76
2001-05-03,4.77
2001-05-04,4.74
2001-05-07,4.72
2001-05-08,4.72
2001-05-09,4.71
2001-05-10,4.69
2001-05-11,4.49
2001-05-14,4.53
2001-05-15,4.51
2001-05-16,4.49
2001-05-17,4.47
2001-05-18,4.47
2001-05-21,4.52
2001-05-22,4.49
2001-05-23,4.53
2001-05-24,4.49
2001-05-25,4.48
2001-05-28,4.49
2001-05-29,4.45
2001-05-30,4.46
2001-05-31,4.43
2001-06-01,4.41
2001-06-04,4.36
2001-06-05,4.39
2001-06-06,4.35
2001-06-07,4.34
2001-06-08,4.37
2001-06-11,4.37
2001-06-12,4.36
2001-06-13,4.44
2001-06-14,4.41
2001-06-15,4.39
2001-06-18,4.39
2001-06-19,4.37
2001-06-20,4.35
2001-06-21,4.33
2001-06-22,4.32
2001-06-25,4.3
2001-06-26,4.32
2001-06-27,4.29
2001-06-28,4.26
2001-06-29,4.34
2001-07-02,4.33
2001-07-03,4.3
2001-07-04,4.36
2001-07-05,4.33
2001-07-06,4.37
2001-07-09,4.37
2001-07-10,4.38
2001-07-11,4.35
2001-07-12,4.38
2001-07-13,4.36
2001-07-16,4.37
2001-07-17,4.36
2001-07-18,4.41
2001-07-19,4.33
2001-07-20,4.37
2001-07-23,4.34
2001-07-24,4.33
2001-07-25,4.34
2001-07-26,4.33
2001-07-27,4.33
2001-07-30,4.33
2001-07-31,4.31
2001-08-01,4.31
2001-08-02,4.32
2001-08-03,4.33
2001-08-06,4.32
2001-08-07,4.32
2001-08-08,4.3
2001-08-09,4.24
2001-08-10,4.24
2001-08-13,4.21
2001-08-14,4.22
2001-08-15,4.19
2001-08-16,4.18
2001-08-17,4.15
2001-08-20,4.15
2001-08-21,4.16
2001-08-22,4.13
2001-08-23,4.11
2001-08-24,4.16
2001-08-27,4.18
2001-08-28,4.16
2001-08-29,4.16
2001-08-30,4.12
2001-08-31,4.11
2001-09-03,4.08
2001-09-04,4.13
2001-09-05,4.18
2001-09-06,4.17
2001-09-07,4.14
2001-09-10,4.08
2001-09-11,4.11
2001-09-12,4.01
2001-09-13,3.98
2001-09-14,3.93
2001-09-17,3.92
2001-09-18,3.65
2001-09-19,3.65
2001-09-20,3.58
2001-09-21,3.56
2001-09-24,3.57
2001-09-25,3.52
2001-09-26,3.5
2001-09-27,3.5
2001-09-28,3.5
2001-10-01,3.51
2001-10-02,3.47
2001-10-03,3.45
2001-10-04,3.45
2001-10-05,3.44
2001-10-08,3.42
2001-10-09,3.46
2001-10-10,3.48
2001-10-11,3.49
2001-10-12,3.51
2001-10-15,3.44
2001-10-16,3.46
2001-10-17,3.46
2001-10-18,3.46
2001-10-19,3.41
2001-10-22,3.4
2001-10-23,3.42
2001-10-24,3.4
2001-10-25,3.4
2001-10-26,3.39
2001-10-29,3.37
2001-10-30,3.33
2001-10-31,3.32
2001-11-01,3.29
2001-11-02,3.3
2001-11-05,3.28
2001-11-06,3.23
2001-11-07,3.17
2001-11-08,3.11
2001-11-09,3.09
2001-11-12,3.12
2001-11-13,3.13
2001-11-14,3.17
2001-11-15,3.23
2001-11-16,3.25
2001-11-19,3.25
2001-11-20,3.23
2001-11-21,3.26
2001-11-22,3.29
2001-11-23,3.26
2001-11-26,3.25
2001-11-27,3.23
2001-11-28,3.26
2001-11-29,3.21
2001-11-30,3.19
2001-12-03,3.17
2001-12-04,3.15
2001-12-05,3.18
2001-12-06,3.24
2001-12-07,3.23
2001-12-10,3.23
2001-12-11,3.2
2001-12-12,3.16
2001-12-13,3.17
2001-12-14,3.14
2001-12-17,3.21
2001-12-18,3.21
2001-12-19,3.24
2001-12-20,3.21
2001-12-21,3.23
2001-12-27,3.22
2001-12-28,3.19
2002-01-02,3.23
2002-01-03,3.16
2002-01-04,3.18
2002-01-07,3.26
2002-01-08,3.23
2002-01-09,3.26
2002-01-10,3.3
2002-01-11,3.33
2002-01-14,3.31
2002-01-15,3.31
2002-01-16,3.3
2002-01-17,3.33
2002-01-18,3.32
2002-01-21,3.33
2002-01-22,3.34
2002-01-23,3.37
2002-01-24,3.37
2002-01-25,3.39
2002-01-28,3.39
2002-01-29,3.37
2002-01-30,3.38
2002-01-31,3.39
2002-02-01,3.4
2002-02-04,3.38
2002-02-05,3.38
2002-02-06,3.36
2002-02-07,3.35
2002-02-08,3.4
2002-02-11,3.39
2002-02-12,3.4
2002-02-13,3.41
2002-02-14,3.37
2002-02-15,3.39
2002-02-18,3.37
2002-02-19,3.37
2002-02-20,3.39
2002-02-21,3.38
2002-02-22,3.37
2002-02-25,3.33
2002-02-26,3.4
2002-02-27,3.41
2002-02-28,3.4
2002-03-01,3.41
2002-03-04,3.43
2002-03-05,3.44
2002-03-06,3.44
2002-03-07,3.47
2002-03-08,3.46
2002-03-11,3.49
2002-03-12,3.48
2002-03-13,3.5
2002-03-14,3.49
2002-03-15,3.51
2002-03-18,3.51
2002-03-19,3.51
2002-03-20,3.52
2002-03-21,3.55
2002-03-22,3.53
2002-03-25,3.58
2002-03-26,3.58
2002-03-27,3.58
2002-03-28,3.57
2002-04-02,3.59
2002-04-03,3.59
2002-04-04,3.58
2002-04-05,3.6
2002-04-08,3.56
2002-04-09,3.58
2002-04-10,3.54
2002-04-11,3.55
2002-04-12,3.55
2002-04-15,3.51
2002-04-16,3.53
2002-04-17,3.57
2002-04-18,3.52
2002-04-19,3.51
2002-04-22,3.5
2002-04-23,3.49
2002-04-24,3.52
2002-04-25,3.49
2002-04-26,3.5
2002-04-29,3.51
2002-04-30,3.51
2002-05-02,3.48
2002-05-03,3.56
2002-05-06,3.55
2002-05-07,3.52
2002-05-08,3.53
2002-05-09,3.6
2002-05-10,3.59
2002-05-13,3.61
2002-05-14,3.68
2002-05-15,3.67
2002-05-16,3.66
2002-05-17,3.73
2002-05-20,3.7
2002-05-21,3.72
2002-05-22,3.62
2002-05-23,3.62
2002-05-24,3.62
2002-05-27,3.65
2002-05-28,3.66
2002-05-29,3.66
2002-05-30,3.61
2002-05-31,3.64
2002-06-03,3.67
2002-06-04,3.64
2002-06-05,3.62
2002-06-06,3.62
2002-06-07,3.61
2002-06-10,3.61
2002-06-11,3.59
2002-06-12,3.61
2002-06-13,3.62
2002-06-14,3.58
2002-06-17,3.6
2002-06-18,3.59
2002-06-19,3.59
2002-06-20,3.58
2002-06-21,3.58
2002-06-24,3.55
2002-06-25,3.53
2002-06-26,3.52
2002-06-27,3.52
2002-06-28,3.52
2002-07-01,3.52
2002-07-02,3.5
2002-07-03,3.5
2002-07-04,3.55
2002-07-05,3.55
2002-07-08,3.51
2002-07-09,3.52
2002-07-10,3.46
2002-07-11,3.46
2002-07-12,3.48
2002-07-15,3.47
2002-07-16,3.41
2002-07-17,3.42
2002-07-18,3.44
2002-07-19,3.43
2002-07-22,3.41
2002-07-23,3.41
2002-07-24,3.33
2002-07-25,3.38
2002-07-26,3.35
2002-07-29,3.31
2002-07-30,3.36
2002-07-31,3.34
2002-08-01,3.31
2002-08-02,3.28
2002-08-05,3.21
2002-08-06,3.26
2002-08-07,3.3
2002-08-08,3.25
2002-08-09,3.28
2002-08-12,3.3
2002-08-13,3.27
2002-08-14,3.27
2002-08-15,3.28
2002-08-16,3.33
2002-08-19,3.35
2002-08-20,3.33
2002-08-21,3.36
2002-08-22,3.41
2002-08-23,3.37
2002-08-26,3.37
2002-08-27,3.37
2002-08-28,3.36
2002-08-29,3.28
2002-08-30,3.27
2002-09-02,3.27
2002-09-03,3.25
2002-09-04,3.21
2002-09-05,3.17
2002-09-06,3.15
2002-09-09,3.23
2002-09-10,3.24
2002-09-11,3.25
2002-09-12,3.24
2002-09-13,3.19
2002-09-16,3.21
2002-09-17,3.2
2002-09-18,3.13
2002-09-19,3.19
2002-09-20,3.12
2002-09-23,3.13
2002-09-24,3.16
2002-09-25,3.15
2002-09-26,3.12
2002-09-27,3.15
2002-09-30,3.09
2002-10-01,3.07
2002-10-02,3.1
2002-10-03,3.06
2002-10-04,3.05
2002-10-07,3.0
2002-10-08,3.04
2002-10-09,3.05
2002-10-10,3.02
2002-10-11,3.08
2002-10-14,3.11
2002-10-15,3.13
2002-10-16,3.17
2002-10-17,3.21
2002-10-18,3.09
2002-10-21,3.09
2002-10-22,3.1
2002-10-23,3.07
2002-10-24,3.07
2002-10-25,3.08
2002-10-28,3.08
2002-10-29,3.08
2002-10-30,3.03
2002-10-31,3.07
2002-11-01,3.02
2002-11-04,3.07
2002-11-05,3.03
2002-11-06,3.04
2002-11-07,3.04
2002-11-08,3.04
2002-11-11,3.0
2002-11-12,2.98
2002-11-13,2.98
2002-11-14,2.98
2002-11-15,2.96
2002-11-18,2.92
2002-11-19,2.94
2002-11-20,2.93
2002-11-21,2.89
2002-11-22,2.92
2002-11-25,2.95
2002-11-26,2.89
2002-11-27,2.92
2002-11-28,2.95
2002-11-29,2.9
2002-12-02,2.92
2002-12-03,2.94
2002-12-04,2.93
2002-12-05,2.92
2002-12-06,2.8
2002-12-09,2.83
2002-12-10,2.81
2002-12-11,2.81
2002-12-12,2.81
2002-12-13,2.83
2002-12-16,2.83
2002-12-17,2.8
2002-12-18,2.78
2002-12-19,2.8
2002-12-20,2.79
2002-12-23,2.8
2002-12-27,2.72
2002-12-30,2.66
2003-01-02,2.71
2003-01-03,2.75
2003-01-06,2.75
2003-01-07,2.75
2003-01-08,2.7
2003-01-09,2.68
2003-01-10,2.7
2003-01-13,2.69
2003-01-14,2.74
2003-01-15,2.73
2003-01-16,2.71
2003-01-17,2.68
2003-01-20,2.69
2003-01-21,2.68
2003-01-22,2.67
2003-01-23,2.65
2003-01-24,2.65
2003-01-27,2.65
2003-01-28,2.66
2003-01-29,2.63
2003-01-30,2.65
2003-01-31,2.62
2003-02-03,2.64
2003-02-04,2.63
2003-02-05,2.61
2003-02-06,2.6
2003-02-07,2.55
2003-02-10,2.54
2003-02-11,2.55
2003-02-12,2.51
2003-02-13,2.5
2003-02-14,2.47
2003-02-17,2.48
2003-02-18,2.47
2003-02-19,2.49
2003-02-20,2.48
2003-02-21,2.47
2003-02-24,2.38
2003-02-25,2.36
2003-02-26,2.34
2003-02-27,2.36
2003-02-28,2.38
2003-03-03,2.35
2003-03-04,2.34
2003-03-05,2.31
2003-03-06,2.36
2003-03-07,2.37
2003-03-10,2.37
2003-03-11,2.37
2003-03-12,2.36
2003-03-13,2.36
2003-03-14,2.4
2003-03-17,2.4
2003-03-18,2.44
2003-03-19,2.39
2003-03-20,2.38
2003-03-21,2.39
2003-03-24,2.39
2003-03-25,2.4
2003-03-26,2.41
2003-03-27,2.41
2003-03-28,2.39
2003-03-31,2.36
2003-04-01,2.32
2003-04-02,2.34
2003-04-03,2.37
2003-04-04,2.36
2003-04-07,2.37
2003-04-08,2.4
2003-04-09,2.36
2003-04-10,2.36
2003-04-11,2.38
2003-04-14,2.42
2003-04-15,2.44
2003-04-16,2.46
2003-04-17,2.43
2003-04-22,2.42
2003-04-23,2.42
2003-04-24,2.42
2003-04-25,2.37
2003-04-28,2.37
2003-04-29,2.39
2003-04-30,2.39
2003-05-02,2.71
2003-05-05,2.34
2003-05-06,2.31
2003-05-07,2.31
2003-05-08,2.23
2003-05-09,2.33
2003-05-12,2.29
2003-05-13,2.27
2003-05-14,2.25
2003-05-15,2.21
2003-05-16,2.22
2003-05-19,2.18
2003-05-20,2.2
2003-05-21,2.18
2003-05-22,2.18
2003-05-23,2.16
2003-05-26,2.15
2003-05-27,2.16
2003-05-28,2.13
2003-05-29,2.17
2003-05-30,2.1
2003-06-02,2.11
2003-06-03,2.09
2003-06-04,2.07
2003-06-05,2.05
2003-06-06,1.96
2003-06-09,2.0
2003-06-10,2.0
2003-06-11,1.98
2003-06-12,1.92
2003-06-13,1.94
2003-06-16,1.93
2003-06-17,1.96
2003-06-18,1.93
2003-06-19,1.97
2003-06-20,1.93
2003-06-23,1.95
2003-06-24,1.93
2003-06-25,1.92
2003-06-26,1.96
2003-06-27,1.99
2003-06-30,1.95
2003-07-01,1.95
2003-07-02,1.97
2003-07-03,1.99
2003-07-04,1.95
2003-07-07,1.98
2003-07-08,1.97
2003-07-09,1.99
2003-07-10,1.99
2003-07-11,1.99
2003-07-14,1.96
2003-07-15,1.98
2003-07-16,1.99
2003-07-17,1.93
2003-07-18,1.99
2003-07-21,2.03
2003-07-22,1.99
2003-07-23,2.0
2003-07-24,1.98
2003-07-25,1.98
2003-07-28,1.99
2003-07-29,1.98
2003-07-30,2.03
2003-07-31,2.0
2003-08-01,2.05
2003-08-04,2.05
2003-08-05,2.06
2003-08-06,2.08
2003-08-07,2.08
2003-08-08,2.04
2003-08-11,2.06
2003-08-12,2.07
2003-08-13,2.08
2003-08-14,2.07
2003-08-15,2.11
2003-08-18,2.03
2003-08-19,2.09
2003-08-20,2.06
2003-08-21,2.08
2003-08-22,2.08
2003-08-25,2.07
2003-08-26,2.08
2003-08-27,2.1
2003-08-28,2.11
2003-08-29,2.12
2003-09-01,2.11
2003-09-02,2.11
2003-09-03,2.12
2003-09-04,2.07
2003-09-05,2.11
2003-09-08,2.09
2003-09-09,2.09
2003-09-10,2.04
2003-09-11,2.03
2003-09-12,2.11
2003-09-15,2.05
2003-09-16,2.06
2003-09-17,2.07
2003-09-18,2.05
2003-09-19,2.04
2003-09-22,2.02
2003-09-23,2.02
2003-09-24,2.03
2003-09-25,1.99
2003-09-26,2.0
2003-09-29,2.0
2003-09-30,1.99
2003-10-01,1.98
2003-10-02,2.01
2003-10-03,2.05
2003-10-06,2.08
2003-10-07,2.04
2003-10-08,2.05
2003-10-09,2.05
2003-10-10,2.09
2003-10-13,2.06
2003-10-14,2.09
2003-10-15,2.09
2003-10-16,2.12
2003-10-17,2.13
2003-10-20,2.13
2003-10-21,2.07
2003-10-22,2.11
2003-10-23,2.1
2003-10-24,2.1
2003-10-27,2.14
2003-10-28,2.12
2003-10-29,2.11
2003-10-30,2.12
2003-10-31,2.13
2003-11-03,2.12
2003-11-04,2.16
2003-11-05,2.17
2003-11-06,2.17
2003-11-07,2.17
2003-11-10,2.16
2003-11-11,2.16
2003-11-12,2.17
2003-11-13,2.17
2003-11-14,2.13
2003-11-17,2.1
2003-11-18,2.11
2003-11-19,2.04
2003-11-20,2.06
2003-11-21,2.08
2003-11-24,2.1
2003-11-25,2.1
2003-11-26,2.12
2003-11-27,2.18
2003-11-28,2.16
2003-12-01,2.18
2003-12-02,2.18
2003-12-03,2.17
2003-12-04,2.19
2003-12-05,2.15
2003-12-08,2.06
2003-12-09,2.09
2003-12-10,2.11
2003-12-11,2.1
2003-12-12,2.08
2003-12-15,2.09
2003-12-16,2.09
2003-12-17,2.08
2003-12-18,2.04
2003-12-19,2.05
2003-12-22,2.06
2003-12-23,2.06
2003-12-29,2.07
2003-12-30,2.05
2004-01-02,2.02
2004-01-05,2.03
2004-01-06,2.05
2004-01-07,2.05
2004-01-08,2.02
2004-01-09,2.0
2004-01-12,1.98
2004-01-13,1.99
2004-01-14,2.0
2004-01-15,2.01
2004-01-16,1.98
2004-01-19,2.01
2004-01-20,1.98
2004-01-21,1.99
2004-01-22,2.03
2004-01-23,2.0
2004-01-26,1.98
2004-01-27,2.01
2004-01-28,1.99
2004-01-29,2.01
2004-01-30,2.03
2004-02-02,2.04
2004-02-03,2.02
2004-02-04,2.0
2004-02-05,2.0
2004-02-06,2.03
2004-02-09,2.0
2004-02-10,1.98
2004-02-11,2.0
2004-02-12,1.99
2004-02-13,1.97
2004-02-16,1.94
2004-02-17,1.97
2004-02-18,1.95
2004-02-19,1.96
2004-02-20,1.97
2004-02-23,1.98
2004-02-24,1.96
2004-02-25,1.99
2004-02-26,1.95
2004-02-27,1.93
2004-03-01,1.9
2004-03-02,1.92
2004-03-03,1.97
2004-03-04,1.98
2004-03-05,1.96
2004-03-08,1.91
2004-03-09,1.95
2004-03-10,1.96
2004-03-11,1.94
2004-03-12,1.95
2004-03-15,2.0
2004-03-16,1.93
2004-03-17,1.98
2004-03-18,1.92
2004-03-19,1.89
2004-03-22,1.93
2004-03-23,1.92
2004-03-24,1.91
2004-03-25,1.82
2004-03-26,1.86
2004-03-29,1.81
2004-03-30,1.84
2004-03-31,1.86
2004-04-01,1.87
2004-04-02,1.97
2004-04-05,2.0
2004-04-06,1.97
2004-04-07,1.96
2004-04-08,1.97
2004-04-13,1.9
2004-04-14,1.96
2004-04-15,1.97
2004-04-16,1.96
2004-04-19,1.98
2004-04-20,1.96
2004-04-21,2.0
2004-04-22,1.98
2004-04-23,1.96
2004-04-26,2.02
2004-04-27,2.01
2004-04-28,2.01
2004-04-29,2.02
2004-04-30,2.01
2004-05-03,2.04
2004-05-04,2.06
2004-05-05,2.03
2004-05-06,2.02
2004-05-07,2.06
2004-05-10,2.09
2004-05-11,2.07
2004-05-12,2.07
2004-05-13,2.1
2004-05-14,2.12
2004-05-17,2.07
2004-05-18,2.06
2004-05-19,2.07
2004-05-20,2.09
2004-05-21,2.07
2004-05-24,2.02
2004-05-25,2.07
2004-05-26,2.07
2004-05-27,2.06
2004-05-28,2.06
2004-05-31,2.1
2004-06-01,2.09
2004-06-02,2.1
2004-06-03,2.08
2004-06-04,2.11
2004-06-07,2.1
2004-06-08,2.1
2004-06-09,2.07
2004-06-10,2.14
2004-06-11,2.12
2004-06-14,2.16
2004-06-15,2.16
2004-06-16,2.13
2004-06-17,2.16
2004-06-18,2.14
2004-06-21,2.14
2004-06-22,2.13
2004-06-23,2.13
2004-06-24,2.12
2004-06-25,2.08
2004-06-28,2.12
2004-06-29,2.12
2004-06-30,2.12
2004-07-01,2.12
2004-07-02,2.11
2004-07-05,2.12
2004-07-06,2.07
2004-07-07,2.12
2004-07-08,2.11
2004-07-09,2.09
2004-07-12,2.09
2004-07-13,2.07
2004-07-14,2.05
2004-07-15,2.13
2004-07-16,2.08
2004-07-19,2.1
2004-07-20,2.1
2004-07-21,2.06
2004-07-22,2.15
2004-07-23,2.1
2004-07-26,2.12
2004-07-27,2.12
2004-07-28,2.14
2004-07-29,2.14
2004-07-30,2.12
2004-08-02,2.11
2004-08-03,2.1
2004-08-04,2.1
2004-08-05,2.11
2004-08-06,2.09
2004-08-09,2.07
2004-08-10,2.08
2004-08-11,2.09
2004-08-12,2.09
2004-08-13,2.08
2004-08-16,2.07
2004-08-17,2.08
2004-08-18,2.08
2004-08-19,2.09
2004-08-20,2.09
2004-08-23,2.12
2004-08-24,2.14
2004-08-25,2.1
2004-08-26,2.12
2004-08-27,2.1
2004-08-30,2.11
2004-08-31,2.11
2004-09-01,2.13
2004-09-02,2.1
2004-09-03,2.13
2004-09-06,2.14
2004-09-07,2.14
2004-09-08,2.16
2004-09-09,2.16
2004-09-10,2.12
2004-09-13,2.16
2004-09-14,2.15
2004-09-15,2.12
2004-09-16,2.18
2004-09-17,2.17
2004-09-20,2.13
2004-09-21,2.18
2004-09-22,2.16
2004-09-23,2.17
2004-09-24,2.14
2004-09-27,2.15
2004-09-28,2.16
2004-09-29,2.15
2004-09-30,2.16
2004-10-01,2.18
2004-10-04,2.18
2004-10-05,2.19
2004-10-06,2.19
2004-10-07,2.17
2004-10-08,2.13
2004-10-11,2.14
2004-10-12,2.16
2004-10-13,2.14
2004-10-14,2.15
2004-10-15,2.14
2004-10-18,2.13
2004-10-19,2.14
2004-10-20,2.12
2004-10-21,2.13
2004-10-22,2.13
2004-10-25,2.12
2004-10-26,2.11
2004-10-27,2.13
2004-10-28,2.15
2004-10-29,2.16
2004-11-01,2.14
2004-11-02,2.17
2004-11-03,2.16
2004-11-04,2.17
2004-11-05,2.17
2004-11-08,2.19
2004-11-09,2.21
2004-11-10,2.21
2004-11-11,2.19
2004-11-12,2.16
2004-11-15,2.15
2004-11-16,2.18
2004-11-17,2.17
2004-11-18,2.16
2004-11-19,2.18
2004-11-22,2.21
2004-11-23,2.19
2004-11-24,2.18
2004-11-25,2.15
2004-11-26,2.17
2004-11-29,2.15
2004-11-30,2.16
2004-12-01,2.16
2004-12-02,2.12
2004-12-03,2.16
2004-12-06,2.12
2004-12-07,2.12
2004-12-08,2.11
2004-12-09,2.1
2004-12-10,2.1
2004-12-13,2.1
2004-12-14,2.1
2004-12-15,2.12
2004-12-16,2.13
2004-12-17,2.11
2004-12-20,2.14
2004-12-21,2.15
2004-12-22,2.15
2004-12-23,2.16
2004-12-27,2.14
2004-12-28,2.15
2004-12-29,2.14
2004-12-30,2.14
2005-01-03,2.1
2005-01-04,2.13
2005-01-05,2.14
2005-01-06,2.14
2005-01-07,2.11
2005-01-10,2.12
2005-01-11,2.11
2005-01-12,2.15
2005-01-13,2.11
2005-01-14,2.12
2005-01-17,2.12
2005-01-18,2.13
2005-01-19,2.11
2005-01-20,2.13
2005-01-21,2.14
2005-01-24,2.13
2005-01-25,2.09
2005-01-26,2.1
2005-01-27,2.09
2005-01-28,2.16
2005-01-31,2.12
2005-02-01,2.13
2005-02-02,2.12
2005-02-03,2.14
2005-02-04,2.17
2005-02-07,2.13
2005-02-08,2.12
2005-02-09,2.09
2005-02-10,2.1
2005-02-11,2.1
2005-02-14,2.12
2005-02-15,2.11
2005-02-16,2.12
2005-02-17,2.11
2005-02-18,2.1
2005-02-21,2.1
2005-02-22,2.1
2005-02-23,2.12
2005-02-24,2.13
2005-02-25,2.13
2005-02-28,2.12
2005-03-01,2.11
2005-03-02,2.13
2005-03-03,2.12
2005-03-04,2.14
2005-03-07,2.12
2005-03-08,2.11
2005-03-09,2.12
2005-03-10,2.13
2005-03-11,2.15
2005-03-14,2.15
2005-03-15,2.12
2005-03-16,2.11
2005-03-17,2.1
2005-03-18,2.13
2005-03-21,2.12
2005-03-22,2.14
2005-03-23,2.2
2005-03-24,2.18
2005-03-29,2.16
2005-03-30,2.19
2005-03-31,2.15
2005-04-01,2.13
2005-04-04,2.13
2005-04-05,2.13
2005-04-06,2.12
2005-04-07,2.12
2005-04-08,2.12
2005-04-11,2.09
2005-04-12,2.11
2005-04-13,2.1
2005-04-14,2.07
2005-04-15,2.13
2005-04-18,2.11
2005-04-19,2.09
2005-04-20,2.1
2005-04-21,2.1
2005-04-22,2.08
2005-04-25,2.09
2005-04-26,2.1
2005-04-27,2.1
2005-04-28,2.01
2005-04-29,2.07
2005-05-02,2.08
2005-05-03,2.07
2005-05-04,2.04
2005-05-05,2.08
2005-05-06,2.04
2005-05-09,2.05
2005-05-10,2.1
2005-05-11,2.06
2005-05-12,2.06
2005-05-13,2.07
2005-05-16,2.06
2005-05-17,2.08
2005-05-18,2.08
2005-05-19,2.08
2005-05-20,2.08
2005-05-23,2.07
2005-05-24,2.08
2005-05-25,2.08
2005-05-26,2.04
2005-05-27,2.04
2005-05-30,2.06
2005-05-31,2.07
2005-06-01,2.04
2005-06-02,2.03
2005-06-03,2.03
2005-06-06,2.06
2005-06-07,2.05
2005-06-08,2.02
2005-06-09,2.02
2005-06-10,2.05
2005-06-13,2.02
2005-06-14,2.04
2005-06-15,2.04
2005-06-16,2.05
2005-06-17,2.04
2005-06-20,2.04
2005-06-21,2.0
2005-06-22,1.97
2005-06-23,2.0
2005-06-24,2.01
2005-06-27,2.02
2005-06-28,2.02
2005-06-29,2.03
2005-06-30,2.01
2005-07-01,2.03
2005-07-04,2.69
2005-07-05,2.06
2005-07-06,2.06
2005-07-07,2.02
2005-07-08,2.06
2005-07-11,2.07
2005-07-12,2.08
2005-07-13,2.07
2005-07-14,2.08
2005-07-15,2.09
2005-07-18,2.09
2005-07-19,2.09
2005-07-20,2.09
2005-07-21,2.09
2005-07-22,2.09
2005-07-25,2.09
2005-07-26,2.09
2005-07-27,2.1
2005-07-28,2.1
2005-07-29,2.1
2005-08-01,2.11
2005-08-02,2.11
2005-08-03,2.08
2005-08-04,2.09
2005-08-05,2.09
2005-08-08,2.12
2005-08-09,2.1
2005-08-10,2.12
2005-08-11,2.12
2005-08-12,2.08
2005-08-15,2.08
2005-08-16,2.06
2005-08-17,2.11
2005-08-18,2.1
2005-08-19,2.1
2005-08-22,2.1
2005-08-23,2.08
2005-08-24,2.08
2005-08-25,2.08
2005-08-26,2.09
2005-08-29,2.08
2005-08-30,2.05
2005-08-31,2.1
2005-09-01,2.08
2005-09-02,2.05
2005-09-05,2.06
2005-09-06,2.04
2005-09-07,2.08
2005-09-08,2.08
2005-09-09,2.09
2005-09-12,2.07
2005-09-13,2.06
2005-09-14,2.06
2005-09-15,2.11
2005-09-16,2.1
2005-09-19,2.08
2005-09-20,2.09
2005-09-21,2.14
2005-09-22,2.07
2005-09-23,2.09
2005-09-26,2.09
2005-09-27,2.07
2005-09-28,2.12
2005-09-29,2.12
2005-09-30,2.15
2005-10-03,2.15
2005-10-04,2.15
2005-10-05,2.15
2005-10-06,2.15
2005-10-07,2.2
2005-10-10,2.18
2005-10-11,2.13
2005-10-12,2.22
2005-10-13,2.17
2005-10-14,2.19
2005-10-17,2.19
2005-10-18,2.22
2005-10-19,2.19
2005-10-20,2.2
2005-10-21,2.2
2005-10-24,2.2
2005-10-25,2.21
2005-10-26,2.24
2005-10-27,2.25
2005-10-28,2.29
2005-10-31,2.29
2005-11-01,2.29
2005-11-02,2.31
2005-11-03,2.33
2005-11-04,2.33
2005-11-07,2.33
2005-11-08,2.4
2005-11-09,2.35
2005-11-10,2.38
2005-11-11,2.37
2005-11-14,2.38
2005-11-15,2.42
2005-11-16,2.42
2005-11-17,2.41
2005-11-18,2.43
2005-11-21,2.51
2005-11-22,2.52
2005-11-23,2.49
2005-11-24,2.45
2005-11-25,2.47
2005-11-28,2.51
2005-11-29,2.52
2005-11-30,2.55
2005-12-01,2.51
2005-12-02,2.48
2005-12-05,2.46
2005-12-06,2.42
2005-12-07,2.47
2005-12-08,2.5
2005-12-09,2.51
2005-12-12,2.54
2005-12-13,2.48
2005-12-14,2.49
2005-12-15,2.59
2005-12-16,2.58
2005-12-19,2.48
2005-12-20,2.54
2005-12-21,2.54
2005-12-22,2.51
2005-12-23,2.52
2005-12-27,2.5
2005-12-28,2.52
2005-12-29,2.52
2005-12-30,2.55
2006-01-02,2.53
2006-01-03,2.57
2006-01-04,2.53
2006-01-05,2.51
2006-01-06,2.49
2006-01-09,2.52
2006-01-10,2.51
2006-01-11,2.59
2006-01-12,2.57
2006-01-13,2.51
2006-01-16,2.55
2006-01-17,2.53
2006-01-18,2.52
2006-01-19,2.56
2006-01-20,2.56
2006-01-23,2.57
2006-01-24,2.57
2006-01-25,2.58
2006-01-26,2.57
2006-01-27,2.58
2006-01-30,2.59
2006-01-31,2.62
2006-02-01,2.6
2006-02-02,2.61
2006-02-03,2.61
2006-02-06,2.63
2006-02-07,2.6
2006-02-08,2.61
2006-02-09,2.63
2006-02-10,2.63
2006-02-13,2.63
2006-02-14,2.63
2006-02-15,2.62
2006-02-16,2.62
2006-02-17,2.62
2006-02-20,2.62
2006-02-21,2.64
2006-02-22,2.66
2006-02-23,2.67
2006-02-24,2.67
2006-02-27,2.67
2006-02-28,2.68
2006-03-01,2.68
2006-03-02,2.71
2006-03-03,2.73
2006-03-06,2.73
2006-03-07,2.73
2006-03-08,2.72
2006-03-09,2.72
2006-03-10,2.72
2006-03-13,2.74
2006-03-14,2.73
2006-03-15,2.73
2006-03-16,2.74
2006-03-17,2.74
2006-03-20,2.77
2006-03-21,2.79
2006-03-22,2.79
2006-03-23,2.79
2006-03-24,2.79
2006-03-27,2.79
2006-03-28,2.83
2006-03-29,2.85
2006-03-30,2.85
2006-03-31,2.85
2006-04-03,2.88
2006-04-04,2.89
2006-04-05,2.9
2006-04-06,2.9
2006-04-07,2.81
2006-04-10,2.81
2006-04-11,2.8
2006-04-12,2.82
2006-04-13,2.82
2006-04-18,2.81
2006-04-19,2.8
2006-04-20,2.83
2006-04-21,2.82
2006-04-24,2.82
2006-04-25,2.84
2006-04-26,2.89
2006-04-27,2.93
2006-04-28,2.92
2006-05-02,2.91
2006-05-03,2.91
2006-05-04,2.9
2006-05-05,2.91
2006-05-08,2.91
2006-05-09,2.93
2006-05-10,2.94
2006-05-11,2.95
2006-05-12,2.97
2006-05-15,2.94
2006-05-16,2.93
2006-05-17,2.94
2006-05-18,2.95
2006-05-19,2.96
2006-05-22,2.95
2006-05-23,2.95
2006-05-24,2.94
2006-05-25,2.94
2006-05-26,2.95
2006-05-29,2.95
2006-05-30,2.96
2006-05-31,2.97
2006-06-01,3.01
2006-06-02,3.02
2006-06-05,3.01
2006-06-06,3.03
2006-06-07,3.04
2006-06-08,3.03
2006-06-09,2.98
2006-06-12,2.98
2006-06-13,2.97
2006-06-14,3.0
2006-06-15,3.01
2006-06-16,3.03
2006-06-19,3.03
2006-06-20,3.03
2006-06-21,3.05
2006-06-22,3.05
2006-06-23,3.06
2006-06-26,3.07
2006-06-27,3.11
2006-06-28,3.1
2006-06-29,3.1
2006-06-30,3.09
2006-07-03,3.09
2006-07-04,3.09
2006-07-05,3.1
2006-07-06,3.11
2006-07-07,3.13
2006-07-10,3.13
2006-07-11,3.12
2006-07-12,3.13
2006-07-13,3.14
2006-07-14,3.13
2006-07-17,3.12
2006-07-18,3.13
2006-07-19,3.16
2006-07-20,3.14
2006-07-21,3.15
2006-07-24,3.16
2006-07-25,3.17
2006-07-26,3.17
2006-07-27,3.17
2006-07-28,3.18
2006-07-31,3.18
2006-08-01,3.2
2006-08-02,3.19
2006-08-03,3.21
2006-08-04,3.25
2006-08-07,3.25
2006-08-08,3.25
2006-08-09,3.27
2006-08-10,3.26
2006-08-11,3.27
2006-08-14,3.3
2006-08-15,3.3
2006-08-16,3.3
2006-08-17,3.3
2006-08-18,3.32
2006-08-21,3.32
2006-08-22,3.31
2006-08-23,3.31
2006-08-24,3.32
2006-08-25,3.31
2006-08-28,3.3
2006-08-29,3.32
2006-08-30,3.32
2006-08-31,3.33
2006-09-01,3.35
2006-09-04,3.36
2006-09-05,3.38
2006-09-06,3.4
2006-09-07,3.41
2006-09-08,3.41
2006-09-11,3.43
2006-09-12,3.45
2006-09-13,3.44
2006-09-14,3.47
2006-09-15,3.45
2006-09-18,3.45
2006-09-19,3.46
2006-09-20,3.46
2006-09-21,3.47
2006-09-22,3.45
2006-09-25,3.42
2006-09-26,3.44
2006-09-27,3.46
2006-09-28,3.47
2006-09-29,3.47
2006-10-02,3.49
2006-10-03,3.48
2006-10-04,3.5
2006-10-05,3.51
2006-10-06,3.49
2006-10-09,3.51
2006-10-10,3.51
2006-10-11,3.52
2006-10-12,3.53
2006-10-13,3.53
2006-10-16,3.54
2006-10-17,3.54
2006-10-18,3.54
2006-10-19,3.54
2006-10-20,3.55
2006-10-23,3.56
2006-10-24,3.57
2006-10-25,3.59
2006-10-26,3.59
2006-10-27,3.6
2006-10-30,3.6
2006-10-31,3.6
2006-11-01,3.6
2006-11-02,3.6
2006-11-03,3.6
2006-11-06,3.63
2006-11-07,3.63
2006-11-08,3.64
2006-11-09,3.66
2006-11-10,3.64
2006-11-13,3.63
2006-11-14,3.65
2006-11-15,3.65
2006-11-16,3.65
2006-11-17,3.66
2006-11-20,3.64
2006-11-21,3.63
2006-11-22,3.64
2006-11-23,3.65
2006-11-24,3.66
2006-11-27,3.64
2006-11-28,3.64
2006-11-29,3.65
2006-11-30,3.64
2006-12-01,3.65
2006-12-04,3.62
2006-12-05,3.65
2006-12-06,3.64
2006-12-07,3.64
2006-12-08,3.68
2006-12-11,3.68
2006-12-12,3.69
2006-12-13,3.68
2006-12-14,3.68
2006-12-15,3.7
2006-12-18,3.69
2006-12-19,3.71
2006-12-20,3.71
2006-12-21,3.73
2006-12-22,3.73
2006-12-27,3.74
2006-12-28,3.75
2006-12-29,3.75
2007-01-02,3.76
2007-01-03,3.76
2007-01-04,3.76
2007-01-05,3.76
2007-01-08,3.79
2007-01-09,3.79
2007-01-10,3.8
2007-01-11,3.81
2007-01-12,3.78
2007-01-15,3.78
2007-01-16,3.8
2007-01-17,3.79
2007-01-18,3.8
2007-01-19,3.81
2007-01-22,3.82
2007-01-23,3.83
2007-01-24,3.83
2007-01-25,3.83
2007-01-26,3.83
2007-01-29,3.84
2007-01-30,3.84
2007-01-31,3.85
2007-02-01,3.85
2007-02-02,3.86
2007-02-05,3.83
2007-02-06,3.85
2007-02-07,3.86
2007-02-08,3.86
2007-02-09,3.88
2007-02-12,3.86
2007-02-13,3.88
2007-02-14,3.88
2007-02-15,3.88
2007-02-16,3.87
2007-02-19,3.88
2007-02-20,3.89
2007-02-21,3.88
2007-02-22,3.9
2007-02-23,3.9
2007-02-26,3.92
2007-02-27,3.89
2007-02-28,3.89
2007-03-01,3.9
2007-03-02,3.89
2007-03-05,3.84
2007-03-06,3.88
2007-03-07,3.88
2007-03-08,3.9
2007-03-09,3.92
2007-03-12,3.93
2007-03-13,3.93
2007-03-14,3.92
2007-03-15,3.93
2007-03-16,3.93
2007-03-19,3.94
2007-03-20,3.94
2007-03-21,3.93
2007-03-22,3.93
2007-03-23,3.92
2007-03-26,3.94
2007-03-27,3.94
2007-03-28,3.94
2007-03-29,3.95
2007-03-30,3.96
2007-04-02,3.98
2007-04-03,3.98
2007-04-04,3.99
2007-04-05,3.99
2007-04-10,4.0
2007-04-11,4.01
2007-04-12,4.02
2007-04-13,4.02
2007-04-16,4.02
2007-04-17,4.03
2007-04-18,4.03
2007-04-19,4.03
2007-04-20,4.04
2007-04-23,4.04
2007-04-24,4.04
2007-04-25,4.04
2007-04-26,4.05
2007-04-27,4.06
2007-04-30,4.06
2007-05-02,4.07
2007-05-03,4.08
2007-05-04,4.08
2007-05-07,4.08
2007-05-08,4.08
2007-05-09,4.08
2007-05-10,4.09
2007-05-11,4.08
2007-05-14,4.1
2007-05-15,4.11
2007-05-16,4.12
2007-05-17,4.15
2007-05-18,4.15
2007-05-21,4.15
2007-05-22,4.15
2007-05-23,4.16
2007-05-24,4.16
2007-05-25,4.16
2007-05-29,4.16
2007-05-30,4.16
2007-05-31,4.19
2007-06-01,4.2
2007-06-04,4.2
2007-06-05,4.2
2007-06-06,4.21
2007-06-07,4.21
2007-06-08,4.21
2007-06-11,4.22
2007-06-12,4.22
2007-06-13,4.22
2007-06-14,4.23
2007-06-15,4.23
2007-06-18,4.23
2007-06-19,4.23
2007-06-20,4.23
2007-06-21,4.25
2007-06-22,4.24
2007-06-25,4.25
2007-06-26,4.25
2007-06-27,4.25
2007-06-28,4.25
2007-06-29,4.26
2007-07-02,4.26
2007-07-03,4.27
2007-07-04,4.27
2007-07-05,4.28
2007-07-06,4.29
2007-07-09,4.28
2007-07-10,4.28
2007-07-11,4.28
2007-07-12,4.29
2007-07-13,4.3
2007-07-16,4.3
2007-07-17,4.29
2007-07-18,4.3
2007-07-19,4.31
2007-07-20,4.3
2007-07-23,4.3
2007-07-24,4.31
2007-07-25,4.3
2007-07-26,4.31
2007-07-27,4.3
2007-07-30,4.29
2007-07-31,4.29
2007-08-01,4.29
2007-08-02,4.3
2007-08-03,4.32
2007-08-06,4.29
2007-08-07,4.31
2007-08-08,4.33
2007-08-09,4.33
2007-08-10,4.27
2007-08-13,4.28
2007-08-14,4.26
2007-08-15,4.2
2007-08-16,4.22
2007-08-17,4.14
2007-08-20,4.12
2007-08-21,4.1
2007-08-22,4.14
2007-08-23,4.21
2007-08-24,4.2
2007-08-27,4.17
2007-08-28,4.12
2007-08-29,4.11
2007-08-30,4.13
2007-08-31,4.12
2007-09-03,4.12
2007-09-04,4.13
2007-09-05,4.16
2007-09-06,4.13
2007-09-07,4.12
2007-09-10,4.11
2007-09-11,4.1
2007-09-12,4.11
2007-09-13,4.1
2007-09-14,4.1
2007-09-17,4.1
2007-09-18,4.09
2007-09-19,4.09
2007-09-20,4.08
2007-09-21,4.08
2007-09-24,4.1
2007-09-25,4.08
2007-09-26,4.07
2007-09-27,4.08
2007-09-28,4.07
2007-10-01,4.03
2007-10-02,4.05
2007-10-03,4.03
2007-10-04,4.03
2007-10-05,4.03
2007-10-08,4.04
2007-10-09,4.04
2007-10-10,4.03
2007-10-11,4.03
2007-10-12,4.08
2007-10-15,4.11
2007-10-16,4.11
2007-10-17,4.13
2007-10-18,4.12
2007-10-19,4.09
2007-10-22,4.09
2007-10-23,4.1
2007-10-24,4.1
2007-10-25,4.1
2007-10-26,4.09
2007-10-29,4.1
2007-10-30,4.11
2007-10-31,4.12
2007-11-01,4.14
2007-11-02,4.12
2007-11-05,4.1
2007-11-06,4.1
2007-11-07,4.08
2007-11-08,4.08
2007-11-09,4.08
2007-11-12,4.07
2007-11-13,4.06
2007-11-14,4.08
2007-11-15,4.09
2007-11-16,4.07
2007-11-19,4.08
2007-11-20,4.07
2007-11-21,4.06
2007-11-22,4.06
2007-11-23,4.04
2007-11-26,4.05
2007-11-27,4.06
2007-11-28,4.05
2007-11-29,4.05
2007-11-30,4.06
2007-12-03,4.06
2007-12-04,4.07
2007-12-05,4.05
2007-12-06,4.05
2007-12-07,4.09
2007-12-10,4.1
2007-12-11,4.11
2007-12-12,4.11
2007-12-13,4.11
2007-12-14,4.13
2007-12-17,4.14
2007-12-18,4.09
2007-12-19,4.09
2007-12-20,4.1
2007-12-21,4.08
2007-12-27,4.09
2007-12-28,4.07
2008-01-02,4.07
2008-01-03,4.05
2008-01-04,4.04
2008-01-07,4.04
2008-01-08,4.05
2008-01-09,4.07
2008-01-10,4.06
2008-01-11,4.07
2008-01-14,4.03
2008-01-15,4.04
2008-01-16,4.01
2008-01-17,3.98
2008-01-18,3.98
2008-01-21,3.95
2008-01-22,3.85
2008-01-23,3.8
2008-01-24,3.8
2008-01-25,3.92
2008-01-28,3.89
2008-01-29,3.91
2008-01-30,3.89
2008-01-31,3.85
2008-02-01,3.85
2008-02-04,3.86
2008-02-05,3.87
2008-02-06,3.82
2008-02-07,3.82
2008-02-08,3.72
2008-02-11,3.74
2008-02-12,3.73
2008-02-13,3.77
2008-02-14,3.77
2008-02-15,3.79
2008-02-18,3.8
2008-02-19,3.79
2008-02-20,3.83
2008-02-21,3.85
2008-02-22,3.84
2008-02-25,3.86
2008-02-26,3.86
2008-02-27,3.84
2008-02-28,3.83
2008-02-29,3.8
2008-03-03,3.77
2008-03-04,3.79
2008-03-05,3.81
2008-03-06,3.83
2008-03-07,3.84
2008-03-10,3.86
2008-03-11,3.88
2008-03-12,3.92
2008-03-13,3.91
2008-03-14,3.92
2008-03-17,3.81
2008-03-18,3.82
2008-03-19,3.85
2008-03-20,3.86
2008-03-25,3.9
2008-03-26,3.9
2008-03-27,3.9
2008-03-28,3.88
2008-03-31,3.88
2008-04-01,3.88
2008-04-02,3.87
2008-04-03,3.85
2008-04-04,3.87
2008-04-07,3.88
2008-04-08,3.88
2008-04-09,3.88
2008-04-10,3.89
2008-04-11,3.91
2008-04-14,3.92
2008-04-15,3.93
2008-04-16,3.94
2008-04-17,3.95
2008-04-18,3.96
2008-04-21,3.97
2008-04-22,4.04
2008-04-23,4.03
2008-04-24,4.03
2008-04-25,4.05
2008-04-28,4.03
2008-04-29,4.01
2008-04-30,4.01
2008-05-02,4.01
2008-05-05,4.03
2008-05-06,4.03
2008-05-07,4.04
2008-05-08,4.05
2008-05-09,4.06
2008-05-12,4.07
2008-05-13,4.07
2008-05-14,4.12
2008-05-15,4.12
2008-05-16,4.12
2008-05-19,4.09
2008-05-20,4.1
2008-05-21,4.14
2008-05-22,4.15
2008-05-23,4.16
2008-05-26,4.18
2008-05-27,4.18
2008-05-28,4.19
2008-05-29,4.18
2008-05-30,4.2
2008-06-02,4.19
2008-06-03,4.19
2008-06-04,4.2
2008-06-05,4.22
2008-06-06,4.47
2008-06-09,4.46
2008-06-10,4.43
2008-06-11,4.37
2008-06-12,4.36
2008-06-13,4.36
2008-06-16,4.38
2008-06-17,4.39
2008-06-18,4.4
2008-06-19,4.4
2008-06-20,4.41
2008-06-23,4.41
2008-06-24,4.42
2008-06-25,4.42
2008-06-26,4.41
2008-06-27,4.41
2008-06-30,4.42
2008-07-01,4.46
2008-07-02,4.48
2008-07-03,4.5
2008-07-04,4.44
2008-07-07,4.44
2008-07-08,4.42
2008-07-09,4.44
2008-07-10,4.43
2008-07-11,4.44
2008-07-14,4.43
2008-07-15,4.46
2008-07-16,4.45
2008-07-17,4.46
2008-07-18,4.46
2008-07-21,4.47
2008-07-22,4.47
2008-07-23,4.47
2008-07-24,4.46
2008-07-25,4.44
2008-07-28,4.43
2008-07-29,4.4
2008-07-30,4.39
2008-07-31,4.49
2008-08-01,4.48
2008-08-04,4.5
2008-08-05,4.49
2008-08-06,4.49
2008-08-07,4.49
2008-08-08,4.42
2008-08-11,4.43
2008-08-12,4.43
2008-08-13,4.42
2008-08-14,4.41
2008-08-15,4.42
2008-08-18,4.41
2008-08-19,4.41
2008-08-20,4.4
2008-08-21,4.39
2008-08-22,4.4
2008-08-25,4.39
2008-08-26,4.37
2008-08-27,4.36
2008-08-28,4.41
2008-08-29,4.38
2008-09-01,4.36
2008-09-02,4.37
2008-09-03,4.37
2008-09-04,4.41
2008-09-05,4.38
2008-09-08,4.4
2008-09-09,4.4
2008-09-10,4.4
2008-09-11,4.41
2008-09-12,4.4
2008-09-15,4.3
2008-09-16,4.25
2008-09-17,4.25
2008-09-18,4.11
2008-09-19,4.21
2008-09-22,4.13
2008-09-23,4.03
2008-09-24,3.94
2008-09-25,3.85
2008-09-26,3.73
2008-09-29,3.17
2008-09-30,2.44
2008-10-01,2.53
2008-10-02,2.74
2008-10-03,2.4
2008-10-06,2.17
2008-10-07,2.09
2008-10-08,1.93
2008-10-09,1.94
2008-10-10,1.68
2008-10-13,1.58
2008-10-14,1.84
2008-10-15,2.44
2008-10-16,2.35
2008-10-17,2.54
2008-10-20,2.35
2008-10-21,2.63
2008-10-22,2.71
2008-10-23,2.69
2008-10-24,2.47
2008-10-27,2.46
2008-10-28,2.47
2008-10-29,2.47
2008-10-30,2.33
2008-10-31,2.34
2008-11-03,2.39
2008-11-04,2.39
2008-11-05,2.4
2008-11-06,2.38
2008-11-07,2.35
2008-11-10,2.32
2008-11-11,2.24
2008-11-12,2.15
2008-11-13,2.11
2008-11-14,2.12
2008-11-17,2.08
2008-11-18,2.0
2008-11-19,1.97
2008-11-20,1.91
2008-11-21,1.87
2008-11-24,1.83
2008-11-25,1.88
2008-11-26,1.93
2008-11-27,1.92
2008-11-28,1.92
2008-12-01,1.93
2008-12-02,1.98
2008-12-03,1.94
2008-12-04,1.75
2008-12-05,1.91
2008-12-08,1.98
2008-12-09,2.03
2008-12-10,2.01
2008-12-11,1.94
2008-12-12,1.88
2008-12-15,1.85
2008-12-16,1.82
2008-12-17,1.76
2008-12-18,1.68
2008-12-19,1.66
2008-12-22,1.58
2008-12-23,1.57
2008-12-29,1.49
2008-12-30,1.5
2009-01-02,1.55
2009-01-05,1.56
2009-01-06,1.54
2009-01-07,1.49
2009-01-08,1.42
2009-01-09,1.33
2009-01-12,1.29
2009-01-13,1.27
2009-01-14,1.3
2009-01-15,1.26
2009-01-16,1.29
2009-01-19,1.24
2009-01-20,1.19
2009-01-21,1.16
2009-01-22,1.12
2009-01-23,1.03
2009-01-26,1.07
2009-01-27,1.15
2009-01-28,1.12
2009-01-29,1.08
2009-01-30,1.03
2009-02-02,1.05
2009-02-03,1.03
2009-02-04,1.04
2009-02-05,1.02
2009-02-06,0.97
2009-02-09,0.96
2009-02-10,0.95
2009-02-11,1.0
2009-02-12,0.96
2009-02-13,0.95
2009-02-16,0.95
2009-02-17,0.93
2009-02-18,0.97
2009-02-19,0.99
2009-02-20,0.96
2009-02-23,0.98
2009-02-24,0.95
2009-02-25,0.96
2009-02-26,0.92
2009-02-27,0.9
2009-03-02,0.88
2009-03-03,0.84
2009-03-04,0.84
2009-03-05,0.77
2009-03-06,0.78
2009-03-09,0.83
2009-03-10,0.83
2009-03-11,0.85
2009-03-12,0.82
2009-03-13,0.8
2009-03-16,0.81
2009-03-17,0.77
2009-03-18,0.79
2009-03-19,0.73
2009-03-20,0.75
2009-03-23,0.74
2009-03-24,0.77
2009-03-25,0.82
2009-03-26,0.81
2009-03-27,0.77
2009-03-30,0.75
2009-03-31,0.73
2009-04-01,0.72
2009-04-02,0.69
2009-04-03,0.82
2009-04-06,0.7
2009-04-07,0.7
2009-04-08,0.68
2009-04-09,0.71
2009-04-14,0.77
2009-04-15,0.8
2009-04-16,0.8
2009-04-17,0.84
2009-04-20,0.88
2009-04-21,0.88
2009-04-22,0.89
2009-04-23,0.88
2009-04-24,0.82
2009-04-27,0.78
2009-04-28,0.78
2009-04-29,0.75
2009-04-30,0.76
2009-05-04,0.73
2009-05-05,0.75
2009-05-06,0.73
2009-05-07,0.72
2009-05-08,0.66
2009-05-11,0.63
2009-05-12,0.68
2009-05-13,0.68
2009-05-14,0.65
2009-05-15,0.63
2009-05-18,0.62
2009-05-19,0.62
2009-05-20,0.74
2009-05-21,0.72
2009-05-22,0.72
2009-05-25,0.78
2009-05-26,0.81
2009-05-27,0.86
2009-05-28,0.84
2009-05-29,0.8
2009-06-01,0.78
2009-06-02,0.74
2009-06-03,0.74
2009-06-04,0.75
2009-06-05,0.81
2009-06-08,0.85
2009-06-09,0.84
2009-06-10,0.85
2009-06-11,0.8
2009-06-12,0.79
2009-06-15,0.73
2009-06-16,0.75
2009-06-17,0.74
2009-06-18,0.73
2009-06-19,0.69
2009-06-22,0.68
2009-06-23,0.69
2009-06-24,0.71
2009-06-25,0.58
2009-06-26,0.57
2009-06-29,0.59
2009-06-30,0.59
2009-07-01,0.6
2009-07-02,0.59
2009-07-03,0.51
2009-07-06,0.5
2009-07-07,0.53
2009-07-08,0.51
2009-07-09,0.48
2009-07-10,0.49
2009-07-13,0.48
2009-07-14,0.48
2009-07-15,0.49
2009-07-16,0.48
2009-07-17,0.45
2009-07-20,0.45
2009-07-21,0.45
2009-07-22,0.44
2009-07-23,0.45
2009-07-24,0.44
2009-07-27,0.44
2009-07-28,0.44
2009-07-29,0.42
2009-07-30,0.48
2009-07-31,0.43
2009-08-03,0.45
2009-08-04,0.47
2009-08-05,0.5
2009-08-06,0.5
2009-08-07,0.48
2009-08-10,0.47
2009-08-11,0.48
2009-08-12,0.48
2009-08-13,0.45
2009-08-14,0.44
2009-08-17,0.44
2009-08-18,0.49
2009-08-19,0.48
2009-08-20,0.47
2009-08-21,0.47
2009-08-24,0.45
2009-08-25,0.45
2009-08-26,0.44
2009-08-27,0.46
2009-08-28,0.44
2009-08-31,0.44
2009-09-01,0.43
2009-09-02,0.48
2009-09-03,0.46
2009-09-04,0.43
2009-09-07,0.4
2009-09-08,0.4
2009-09-09,0.39
2009-09-10,0.4
2009-09-11,0.4
2009-09-14,0.4
2009-09-15,0.41
2009-09-16,0.41
2009-09-17,0.44
2009-09-18,0.44
2009-09-21,0.42
2009-09-22,0.43
2009-09-23,0.41
2009-09-24,0.39
2009-09-25,0.4
2009-09-28,0.41
2009-09-29,0.41
2009-09-30,0.42
2009-10-01,0.45
2009-10-02,0.43
2009-10-05,0.4
2009-10-06,0.4
2009-10-07,0.41
2009-10-08,0.48
2009-10-09,0.51
2009-10-12,0.51
2009-10-13,0.49
2009-10-14,0.49
2009-10-15,0.51
2009-10-16,0.53
2009-10-19,0.53
2009-10-20,0.52
2009-10-21,0.54
2009-10-22,0.53
2009-10-23,0.52
2009-10-26,0.5
2009-10-27,0.49
2009-10-28,0.47
2009-10-29,0.47
2009-10-30,0.5
2009-11-02,0.51
2009-11-03,0.51
2009-11-04,0.5
2009-11-05,0.49
2009-11-06,0.49
2009-11-09,0.49
2009-11-10,0.48
2009-11-11,0.48
2009-11-12,0.49
2009-11-13,0.49
2009-11-16,0.5
2009-11-17,0.52
2009-11-18,0.51
2009-11-19,0.51
2009-11-20,0.53
2009-11-23,0.54
2009-11-24,0.54
2009-11-25,0.55
2009-11-26,0.55
2009-11-27,0.52
2009-11-30,0.52
2009-12-01,0.52
2009-12-02,0.51
2009-12-03,0.52
2009-12-04,0.49
2009-12-07,0.5
2009-12-08,0.47
2009-12-09,0.46
2009-12-10,0.47
2009-12-11,0.48
2009-12-14,0.47
2009-12-15,0.47
2009-12-16,0.49
2009-12-17,0.44
2009-12-18,0.45
2009-12-21,0.45
2009-12-22,0.41
2009-12-23,0.42
2009-12-28,0.46
2009-12-29,0.37
2009-12-30,0.44
2010-01-04,0.46
2010-01-05,0.46
2010-01-06,0.46
2010-01-07,0.41
2010-01-08,0.4
2010-01-11,0.41
2010-01-12,0.39
2010-01-13,0.4
2010-01-14,0.41
2010-01-15,0.38
2010-01-18,0.36
2010-01-19,0.37
2010-01-20,0.39
2010-01-21,0.38
2010-01-22,0.36
2010-01-25,0.37
2010-01-26,0.36
2010-01-27,0.38
2010-01-28,0.4
2010-01-29,0.41
2010-02-01,0.41
2010-02-02,0.41
2010-02-03,0.43
2010-02-04,0.42
2010-02-05,0.35
2010-02-08,0.41
2010-02-09,0.41
2010-02-10,0.4
2010-02-11,0.42
2010-02-12,0.39
2010-02-15,0.38
2010-02-16,0.39
2010-02-17,0.38
2010-02-18,0.38
2010-02-19,0.4
2010-02-22,0.4
2010-02-23,0.39
2010-02-24,0.37
2010-02-25,0.36
2010-02-26,0.36
2010-03-01,0.38
2010-03-02,0.38
2010-03-03,0.38
2010-03-04,0.4
2010-03-05,0.38
2010-03-08,0.4
2010-03-09,0.38
2010-03-10,0.38
2010-03-11,0.37
2010-03-12,0.39
2010-03-15,0.39
2010-03-16,0.39
2010-03-17,0.38
2010-03-18,0.39
2010-03-19,0.38
2010-03-22,0.38
2010-03-23,0.37
2010-03-24,0.39
2010-03-25,0.37
2010-03-26,0.37
2010-03-29,0.38
2010-03-30,0.38
2010-03-31,0.38
2010-04-01,0.4
2010-04-06,0.42
2010-04-07,0.4
2010-04-08,0.39
2010-04-09,0.4
2010-04-12,0.42
2010-04-13,0.41
2010-04-14,0.4
2010-04-15,0.38
2010-04-16,0.38
2010-04-19,0.37
2010-04-20,0.35
2010-04-21,0.35
2010-04-22,0.37
2010-04-23,0.38
2010-04-26,0.38
2010-04-27,0.37
2010-04-28,0.35
2010-04-29,0.36
2010-04-30,0.38
2010-05-03,0.37
2010-05-04,0.34
2010-05-05,0.32
2010-05-06,0.25
2010-05-07,0.2
2010-05-10,0.23
2010-05-11,0.23
2010-05-12,0.24
2010-05-13,0.2
2010-05-14,0.21
2010-05-17,0.25
2010-05-18,0.23
2010-05-19,0.22
2010-05-20,0.21
2010-05-21,0.21
2010-05-24,0.22
2010-05-25,0.2
2010-05-26,0.2
2010-05-27,0.18
2010-05-28,0.17
2010-05-31,0.19
2010-06-01,0.2
2010-06-02,0.22
2010-06-03,0.19
2010-06-04,0.21
2010-06-07,0.17
2010-06-08,0.16
2010-06-09,0.15
2010-06-10,0.16
2010-06-11,0.15
2010-06-14,0.16
2010-06-15,0.18
2010-06-16,0.19
2010-06-17,0.19
2010-06-18,0.21
2010-06-21,0.24
2010-06-22,0.25
2010-06-23,0.27
2010-06-24,0.27
2010-06-25,0.26
2010-06-28,0.28
2010-06-29,0.26
2010-06-30,0.25
2010-07-01,0.32
2010-07-02,0.3
2010-07-05,0.29
2010-07-06,0.29
2010-07-07,0.34
2010-07-08,0.37
2010-07-09,0.41
2010-07-12,0.37
2010-07-13,0.35
2010-07-14,0.35
2010-07-15,0.39
2010-07-16,0.45
2010-07-19,0.38
2010-07-20,0.36
2010-07-21,0.39
2010-07-22,0.33
2010-07-23,0.36
2010-07-26,0.34
2010-07-27,0.43
2010-07-28,0.44
2010-07-29,0.45
2010-07-30,0.45
2010-08-02,0.42
2010-08-03,0.43
2010-08-04,0.45
2010-08-05,0.48
2010-08-06,0.5
2010-08-09,0.51
2010-08-10,0.5
2010-08-11,0.48
2010-08-12,0.43
2010-08-13,0.44
2010-08-16,0.44
2010-08-17,0.44
2010-08-18,0.44
2010-08-19,0.46
2010-08-20,0.41
2010-08-23,0.4
2010-08-24,0.4
2010-08-25,0.41
2010-08-26,0.39
2010-08-27,0.39
2010-08-30,0.4
2010-08-31,0.39
2010-09-01,0.39
2010-09-02,0.41
2010-09-03,0.41
2010-09-06,0.43
2010-09-07,0.42
2010-09-08,0.46
2010-09-09,0.47
2010-09-10,0.48
2010-09-13,0.47
2010-09-14,0.49
2010-09-15,0.5
2010-09-16,0.53
2010-09-17,0.52
2010-09-20,0.5
2010-09-21,0.49
2010-09-22,0.46
2010-09-23,0.46
2010-09-24,0.45
2010-09-27,0.49
2010-09-28,0.5
2010-09-29,0.49
2010-09-30,0.54
2010-10-01,0.72
2010-10-04,0.66
2010-10-05,0.66
2010-10-06,0.65
2010-10-07,0.67
2010-10-08,0.67
2010-10-11,0.66
2010-10-12,0.64
2010-10-13,0.66
2010-10-14,0.67
2010-10-15,0.69
2010-10-18,0.74
2010-10-19,0.76
2010-10-20,0.78
2010-10-21,0.79
2010-10-22,0.79
2010-10-25,0.78
2010-10-26,0.81
2010-10-27,0.83
2010-10-28,0.82
2010-10-29,0.83
2010-11-01,0.82
2010-11-02,0.83
2010-11-03,0.83
2010-11-04,0.83
2010-11-05,0.82
2010-11-08,0.82
2010-11-09,0.8
2010-11-10,0.79
2010-11-11,0.79
2010-11-12,0.77
2010-11-15,0.78
2010-11-16,0.77
2010-11-17,0.76
2010-11-18,0.74
2010-11-19,0.74
2010-11-22,0.75
2010-11-23,0.72
2010-11-24,0.67
2010-11-25,0.67
2010-11-26,0.64
2010-11-29,0.64
2010-11-30,0.63
2010-12-01,0.58
2010-12-02,0.58
2010-12-03,0.54
2010-12-06,0.56
2010-12-07,0.55
2010-12-08,0.56
2010-12-09,0.55
2010-12-10,0.56
2010-12-13,0.55
2010-12-14,0.53
2010-12-15,0.53
2010-12-16,0.53
2010-12-17,0.54
2010-12-20,0.57
2010-12-21,0.56
2010-12-22,0.52
2010-12-23,0.47
2010-12-27,0.48
2010-12-28,0.49
2010-12-29,0.44
2010-12-30,0.45
2011-01-03,0.46
2011-01-04,0.47
2011-01-05,0.52
2011-01-06,0.51
2011-01-07,0.5
2011-01-10,0.5
2011-01-11,0.52
2011-01-12,0.56
2011-01-13,0.54
2011-01-14,0.61
2011-01-17,0.6
2011-01-18,0.62
2011-01-19,0.62
2011-01-20,0.63
2011-01-21,0.67
2011-01-24,0.68
2011-01-25,0.66
2011-01-26,0.76
2011-01-27,0.74
2011-01-28,0.79
2011-01-31,0.83
2011-02-01,0.83
2011-02-02,0.83
2011-02-03,0.87
2011-02-04,0.84
2011-02-07,0.83
2011-02-08,0.79
2011-02-09,0.86
2011-02-10,0.85
2011-02-11,0.83
2011-02-14,0.82
2011-02-15,0.83
2011-02-16,0.82
2011-02-17,0.81
2011-02-18,0.79
2011-02-21,0.83
2011-02-22,0.84
2011-02-23,0.89
2011-02-24,0.87
2011-02-25,0.92
2011-02-28,0.89
2011-03-01,0.89
2011-03-02,0.87
2011-03-03,0.89
2011-03-04,1.05
2011-03-07,0.98
2011-03-08,0.96
2011-03-09,0.96
2011-03-10,0.95
2011-03-11,0.94
2011-03-14,0.92
2011-03-15,0.87
2011-03-16,0.89
2011-03-17,0.87
2011-03-18,0.89
2011-03-21,0.93
2011-03-22,0.95
2011-03-23,0.92
2011-03-24,0.92
2011-03-25,0.95
2011-03-28,0.95
2011-03-29,0.98
2011-03-30,0.96
2011-03-31,0.95
2011-04-01,0.97
2011-04-04,0.97
2011-04-05,0.97
2011-04-06,0.98
2011-04-07,0.98
2011-04-08,1.04
2011-04-11,1.05
2011-04-12,1.04
2011-04-13,1.06
2011-04-14,1.06
2011-04-15,1.08
2011-04-18,1.07
2011-04-19,1.08
2011-04-20,1.11
2011-04-21,1.12
2011-04-26,1.09
2011-04-27,1.11
2011-04-28,1.15
2011-04-29,1.18
2011-05-02,1.2
2011-05-03,1.21
2011-05-04,1.24
2011-05-05,1.27
2011-05-06,1.17
2011-05-09,1.19
2011-05-10,1.19
2011-05-11,1.15
2011-05-12,1.15
2011-05-13,1.18
2011-05-16,1.19
2011-05-17,1.19
2011-05-18,1.21
2011-05-19,1.21
2011-05-20,1.21
2011-05-23,1.17
2011-05-24,1.18
2011-05-25,1.17
2011-05-26,1.17
2011-05-27,1.15
2011-05-30,1.15
2011-05-31,1.19
2011-06-01,1.17
2011-06-02,1.2
2011-06-03,1.21
2011-06-06,1.21
2011-06-07,1.24
2011-06-08,1.28
2011-06-09,1.3
2011-06-10,1.28
2011-06-13,1.24
2011-06-14,1.25
2011-06-15,1.29
2011-06-16,1.24
2011-06-17,1.25
2011-06-20,1.23
2011-06-21,1.26
2011-06-22,1.25
2011-06-23,1.22
2011-06-24,1.19
2011-06-27,1.18
2011-06-28,1.21
2011-06-29,1.27
2011-06-30,1.28
2011-07-01,1.31
2011-07-04,1.29
2011-07-05,1.28
2011-07-06,1.26
2011-07-07,1.29
2011-07-08,1.28
2011-07-11,1.22
2011-07-12,1.06
2011-07-13,1.15
2011-07-14,1.14
2011-07-15,1.1
2011-07-18,1.09
2011-07-19,1.08
2011-07-20,1.06
2011-07-21,1.09
2011-07-22,1.15
2011-07-25,1.16
2011-07-26,1.14
2011-07-27,1.12
2011-07-28,1.07
2011-07-29,1.04
2011-08-01,1.04
2011-08-02,0.99
2011-08-03,0.91
2011-08-04,0.96
2011-08-05,0.72
2011-08-08,0.71
2011-08-09,0.6
2011-08-10,0.65
2011-08-11,0.5
2011-08-12,0.55
2011-08-15,0.58
2011-08-16,0.61
2011-08-17,0.61
2011-08-18,0.57
2011-08-19,0.52
2011-08-22,0.53
2011-08-23,0.54
2011-08-24,0.58
2011-08-25,0.57
2011-08-26,0.53
2011-08-29,0.54
2011-08-30,0.56
2011-08-31,0.57
2011-09-01,0.55
2011-09-02,0.5
2011-09-05,0.43
2011-09-06,0.41
2011-09-07,0.34
2011-09-08,0.34
2011-09-09,0.27
2011-09-12,0.21
2011-09-13,0.27
2011-09-14,0.35
2011-09-15,0.37
2011-09-16,0.37
2011-09-19,0.29
2011-09-20,0.26
2011-09-21,0.24
2011-09-22,0.19
2011-09-23,0.17
2011-09-26,0.14
2011-09-27,0.21
2011-09-28,0.29
2011-09-29,0.27
2011-09-30,0.28
2011-10-03,0.25
2011-10-04,0.26
2011-10-05,0.28
2011-10-06,0.26
2011-10-07,0.37
2011-10-10,0.37
2011-10-11,0.36
2011-10-12,0.4
2011-10-13,0.39
2011-10-14,0.38
2011-10-17,0.39
2011-10-18,0.33
2011-10-19,0.38
2011-10-20,0.37
2011-10-21,0.35
2011-10-24,0.36
2011-10-25,0.36
2011-10-26,0.32
2011-10-27,0.33
2011-10-28,0.4
2011-10-31,0.36
2011-11-01,0.28
2011-11-02,0.28
2011-11-03,0.25
2011-11-04,0.19
2011-11-07,0.2
2011-11-08,0.21
2011-11-09,0.21
2011-11-10,0.17
2011-11-11,0.17
2011-11-14,0.14
2011-11-15,0.13
2011-11-16,0.16
2011-11-17,0.13
2011-11-18,0.17
2011-11-21,0.14
2011-11-22,0.14
2011-11-23,0.16
2011-11-24,0.15
2011-11-25,0.12
2011-11-28,0.1
2011-11-29,0.04
2011-11-30,-0.04
2011-12-01,-0.05
2011-12-02,-0.03
2011-12-05,0.03
2011-12-06,0.03
2011-12-07,0.02
2011-12-08,0.01
2011-12-09,0.02
2011-12-12,0.02
2011-12-13,0.03
2011-12-14,0.03
2011-12-15,0.02
2011-12-16,0.01
2011-12-19,0.01
2011-12-20,0.01
2011-12-21,-0.01
2011-12-22,-0.02
2011-12-23,-0.04
2011-12-27,-0.06
2011-12-28,-0.06
2011-12-29,-0.07
2011-12-30,-0.06
2012-01-02,-0.06
2012-01-03,-0.06
2012-01-04,-0.07
2012-01-05,-0.09
2012-01-06,-0.06
2012-01-09,-0.07
2012-01-10,-0.05
2012-01-11,-0.02
2012-01-12,0.01
2012-01-13,0.06
2012-01-16,0.07
2012-01-17,0.08
2012-01-18,0.09
2012-01-19,0.09
2012-01-20,0.08
2012-01-23,0.08
2012-01-24,0.1
2012-01-25,0.13
2012-01-26,0.1
2012-01-27,0.1
2012-01-30,0.09
2012-01-31,0.09
2012-02-01,0.1
2012-02-02,0.1
2012-02-03,0.11
2012-02-06,0.09
2012-02-07,0.1
2012-02-08,0.12
2012-02-09,0.11
2012-02-10,0.14
2012-02-13,0.15
2012-02-14,0.16
2012-02-15,0.18
2012-02-16,0.17
2012-02-17,0.15
2012-02-20,0.14
2012-02-21,0.15
2012-02-22,0.15
2012-02-23,0.15
2012-02-24,0.16
2012-02-27,0.13
2012-02-28,0.15
2012-02-29,0.14
2012-03-01,0.1
2012-03-02,0.1
2012-03-05,0.1
2012-03-06,0.11
2012-03-07,0.12
2012-03-08,0.1
2012-03-09,0.11
2012-03-12,0.12
2012-03-13,0.11
2012-03-14,0.12
2012-03-15,0.12
2012-03-16,0.11
2012-03-19,0.11
2012-03-20,0.11
2012-03-21,0.12
2012-03-22,0.1
2012-03-23,0.11
2012-03-26,0.1
2012-03-27,0.11
2012-03-28,0.13
2012-03-29,0.11
2012-03-30,0.11
2012-04-02,0.11
2012-04-03,0.12
2012-04-04,0.13
2012-04-05,0.13
2012-04-10,0.12
2012-04-11,0.11
2012-04-12,0.11
2012-04-13,0.1
2012-04-16,0.1
2012-04-17,0.1
2012-04-18,0.1
2012-04-19,0.09
2012-04-20,0.09
2012-04-23,0.09
2012-04-24,0.08
2012-04-25,0.08
2012-04-26,0.08
2012-04-27,0.07
2012-04-30,0.06
2012-05-02,0.06
2012-05-03,0.07
2012-05-04,0.07
2012-05-07,0.08
2012-05-08,0.08
2012-05-09,0.1
2012-05-10,0.09
2012-05-11,0.09
2012-05-14,0.09
2012-05-15,0.08
2012-05-16,0.07
2012-05-17,0.08
2012-05-18,0.06
2012-05-21,0.06
2012-05-22,0.06
2012-05-23,0.08
2012-05-24,0.05
2012-05-25,0.05
2012-05-28,0.04
2012-05-29,0.05
2012-05-30,0.05
2012-05-31,0.04
2012-06-01,0.04
2012-06-04,0.04
2012-06-05,0.04
2012-06-06,0.03
2012-06-07,0.07
2012-06-08,0.05
2012-06-11,0.04
2012-06-12,0.04
2012-06-13,0.03
2012-06-14,0.04
2012-06-15,0.01
2012-06-18,0.01
2012-06-19,-0.01
2012-06-20,0.02
2012-06-21,0.01
2012-06-22,0.02
2012-06-25,0.02
2012-06-26,0.03
2012-06-27,0.02
2012-06-28,0.03
2012-06-29,0.03
2012-07-02,0.04
2012-07-03,0.03
2012-07-04,0.02
2012-07-05,0.0
2012-07-06,-0.04
2012-07-09,-0.03
2012-07-10,-0.02
2012-07-11,0.0
2012-07-12,-0.02
2012-07-13,-0.02
2012-07-16,-0.02
2012-07-17,-0.03
2012-07-18,-0.02
2012-07-19,-0.04
2012-07-20,-0.03
2012-07-23,-0.04
2012-07-24,-0.03
2012-07-25,-0.01
2012-07-26,-0.03
2012-07-27,-0.04
2012-07-30,-0.07
2012-07-31,-0.06
2012-08-01,-0.06
2012-08-02,-0.07
2012-08-03,-0.04
2012-08-06,-0.04
2012-08-07,-0.04
2012-08-08,-0.04
2012-08-09,-0.05
2012-08-10,-0.05
2012-08-13,-0.05
2012-08-14,-0.04
2012-08-15,-0.04
2012-08-16,-0.04
2012-08-17,-0.03
2012-08-20,-0.03
2012-08-21,-0.03
2012-08-22,-0.02
2012-08-23,-0.03
2012-08-24,-0.02
2012-08-27,-0.02
2012-08-28,-0.02
2012-08-29,-0.01
2012-08-30,-0.02
2012-08-31,-0.01
2012-09-03,0.0
2012-09-04,0.0
2012-09-05,-0.01
2012-09-06,0.0
2012-09-07,-0.01
2012-09-10,-0.01
2012-09-11,-0.02
2012-09-12,0.0
2012-09-13,0.0
2012-09-14,-0.01
2012-09-17,0.0
2012-09-18,-0.02
2012-09-19,-0.01
2012-09-20,-0.02
2012-09-21,-0.03
2012-09-24,-0.02
2012-09-25,-0.01
2012-09-26,-0.02
2012-09-27,-0.02
2012-09-28,-0.03
2012-10-01,-0.01
2012-10-02,0.0
2012-10-03,0.01
2012-10-04,0.0
2012-10-05,0.01
2012-10-08,0.01
2012-10-09,0.01
2012-10-10,0.01
2012-10-11,0.01
2012-10-12,0.02
2012-10-15,0.01
2012-10-16,0.01
2012-10-17,0.01
2012-10-18,0.01
2012-10-19,0.01
2012-10-22,0.01
2012-10-23,0.01
2012-10-24,0.01
2012-10-25,0.01
2012-10-26,0.0
2012-10-29,0.01
2012-10-30,0.01
2012-10-31,0.03
2012-11-01,0.01
2012-11-02,0.01
2012-11-05,0.0
2012-11-06,0.01
2012-11-07,0.01
2012-11-08,0.01
2012-11-09,0.01
2012-11-12,0.01
2012-11-13,0.01
2012-11-14,0.01
2012-11-15,0.01
2012-11-16,0.0
2012-11-19,0.01
2012-11-20,0.01
2012-11-21,0.01
2012-11-22,0.01
2012-11-23,0.01
2012-11-26,0.01
2012-11-27,0.02
2012-11-28,0.01
2012-11-29,0.01
2012-11-30,0.01
2012-12-03,0.01
2012-12-04,0.0
2012-12-05,0.0
2012-12-06,0.0
2012-12-07,-0.01
2012-12-10,-0.03
2012-12-11,-0.02
2012-12-12,0.01
2012-12-13,0.01
2012-12-14,0.02
2012-12-17,0.02
2012-12-18,0.03
2012-12-19,0.02
2012-12-20,-0.03
2012-12-21,0.01
2012-12-27,-0.01
2012-12-28,0.02
2013-01-02,0.03
2013-01-03,0.02
2013-01-04,0.03
2013-01-07,0.01
2013-01-08,0.01
2013-01-09,0.03
2013-01-10,0.03
2013-01-11,0.04
2013-01-14,0.06
2013-01-15,0.06
2013-01-16,0.03
2013-01-17,0.05
2013-01-18,0.07
2013-01-21,0.06
2013-01-22,0.05
2013-01-23,0.05
2013-01-24,0.06
2013-01-25,0.07
2013-01-28,0.12
2013-01-29,0.1
2013-01-30,0.11
2013-01-31,0.11
2013-02-01,0.11
2013-02-04,0.09
2013-02-05,0.09
2013-02-06,0.09
2013-02-07,0.09
2013-02-08,0.07
2013-02-11,0.07
2013-02-12,0.07
2013-02-13,0.08
2013-02-14,0.07
2013-02-15,0.06
2013-02-18,0.06
2013-02-19,0.05
2013-02-20,0.05
2013-02-21,0.06
2013-02-22,0.05
2013-02-25,0.04
2013-02-26,0.04
2013-02-27,0.04
2013-02-28,0.03
2013-03-01,0.03
2013-03-04,0.01
2013-03-05,0.02
2013-03-06,0.03
2013-03-07,0.03
2013-03-08,0.03
2013-03-11,0.04
2013-03-12,0.04
2013-03-13,0.06
2013-03-14,0.05
2013-03-15,0.05
2013-03-18,0.05
2013-03-19,0.05
2013-03-20,0.04
2013-03-21,0.04
2013-03-22,0.04
2013-03-25,0.04
2013-03-26,0.04
2013-03-27,0.03
2013-03-28,0.03
2013-04-02,0.06
2013-04-03,0.05
2013-04-04,0.05
2013-04-05,0.06
2013-04-08,0.05
2013-04-09,0.05
2013-04-10,0.05
2013-04-11,0.05
2013-04-12,0.05
2013-04-15,0.04
2013-04-16,0.05
2013-04-17,0.05
2013-04-18,0.04
2013-04-19,0.05
2013-04-22,0.04
2013-04-23,0.05
2013-04-24,0.07
2013-04-25,0.06
2013-04-26,0.05
2013-04-29,0.03
2013-04-30,0.03
2013-05-02,0.03
2013-05-03,0.03
2013-05-06,0.03
2013-05-07,0.03
2013-05-08,0.03
2013-05-09,0.03
2013-05-10,0.03
2013-05-13,0.03
2013-05-14,0.03
2013-05-15,0.04
2013-05-16,0.02
2013-05-17,0.03
2013-05-20,0.02
2013-05-21,0.02
2013-05-22,0.02
2013-05-23,0.02
2013-05-24,0.02
2013-05-27,0.02
2013-05-28,0.01
2013-05-29,0.02
2013-05-30,0.02
2013-05-31,0.02
2013-06-03,0.03
2013-06-04,0.03
2013-06-05,0.04
2013-06-06,0.03
2013-06-07,0.05
2013-06-10,0.05
2013-06-11,0.05
2013-06-12,0.07
2013-06-13,0.04
2013-06-14,0.05
2013-06-17,0.05
2013-06-18,0.06
2013-06-19,0.06
2013-06-20,0.05
2013-06-21,0.06
2013-06-24,0.08
2013-06-25,0.07
2013-06-26,0.06
2013-06-27,0.04
2013-06-28,0.04
2013-07-01,0.06
2013-07-02,0.05
2013-07-03,0.05
2013-07-04,0.05
2013-07-05,0.02
2013-07-08,0.02
2013-07-09,0.02
2013-07-10,0.03
2013-07-11,0.03
2013-07-12,0.04
2013-07-15,0.04
2013-07-16,0.05
2013-07-17,0.05
2013-07-18,0.04
2013-07-19,0.04
2013-07-22,0.06
2013-07-23,0.07
2013-07-24,0.07
2013-07-25,0.06
2013-07-26,0.05
2013-07-29,0.06
2013-07-30,0.05
2013-07-31,0.05
2013-08-01,0.05
2013-08-02,0.05
2013-08-05,0.05
2013-08-06,0.06
2013-08-07,0.06
2013-08-08,0.07
2013-08-09,0.07
2013-08-12,0.06
2013-08-13,0.05
2013-08-14,0.06
2013-08-15,0.06
2013-08-16,0.06
2013-08-19,0.08
2013-08-20,0.06
2013-08-21,0.06
2013-08-22,0.06
2013-08-23,0.06
2013-08-26,0.06
2013-08-27,0.06
2013-08-28,0.06
2013-08-29,0.05
2013-08-30,0.05
2013-09-02,0.06
2013-09-03,0.06
2013-09-04,0.08
2013-09-05,0.09
2013-09-06,0.08
2013-09-09,0.07
2013-09-10,0.07
2013-09-11,0.08
2013-09-12,0.08
2013-09-13,0.07
2013-09-16,0.08
2013-09-17,0.08
2013-09-18,0.08
2013-09-19,0.08
2013-09-20,0.08
2013-09-23,0.08
2013-09-24,0.08
2013-09-25,0.09
2013-09-26,0.09
2013-09-27,0.1
2013-09-30,0.09
2013-10-01,0.06
2013-10-02,0.05
2013-10-03,0.07
2013-10-04,0.06
2013-10-07,0.07
2013-10-08,0.07
2013-10-09,0.07
2013-10-10,0.07
2013-10-11,0.06
2013-10-14,0.07
2013-10-15,0.07
2013-10-16,0.07
2013-10-17,0.07
2013-10-18,0.06
2013-10-21,0.06
2013-10-22,0.06
2013-10-23,0.06
2013-10-24,0.08
2013-10-25,0.08
2013-10-28,0.09
2013-10-29,0.09
2013-10-30,0.09
2013-10-31,0.09
2013-11-01,0.07
2013-11-04,0.08
2013-11-05,0.08
2013-11-06,0.08
2013-11-07,0.08
2013-11-08,0.07
2013-11-11,0.07
2013-11-12,0.07
2013-11-13,0.07
2013-11-14,0.07
2013-11-15,0.07
2013-11-18,0.08
2013-11-19,0.08
2013-11-20,0.07
2013-11-21,0.06
2013-11-22,0.08
2013-11-25,0.09
2013-11-26,0.09
2013-11-27,0.09
2013-11-28,0.09
2013-11-29,0.09
2013-12-02,0.09
2013-12-03,0.09
2013-12-04,0.09
2013-12-05,0.09
2013-12-06,0.11
2013-12-09,0.11
2013-12-10,0.13
2013-12-11,0.13
2013-12-12,0.13
2013-12-13,0.17
2013-12-16,0.17
2013-12-17,0.17
2013-12-18,0.16
2013-12-19,0.14
2013-12-20,0.11
2013-12-23,0.11
2013-12-27,0.1
2013-12-30,0.11
2014-01-02,0.11
2014-01-03,0.1
2014-01-06,0.1
2014-01-07,0.09
2014-01-08,0.1
2014-01-09,0.1
2014-01-10,0.11
2014-01-13,0.1
2014-01-14,0.1
2014-01-15,0.12
2014-01-16,0.13
2014-01-17,0.12
2014-01-20,0.12
2014-01-21,0.12
2014-01-22,0.12
2014-01-23,0.12
2014-01-24,0.12
2014-01-27,0.12
2014-01-28,0.13
2014-01-29,0.12
2014-01-30,0.11
2014-01-31,0.1
2014-02-03,0.1
2014-02-04,0.09
2014-02-05,0.09
2014-02-06,0.09
2014-02-07,0.1
2014-02-10,0.1
2014-02-11,0.11
2014-02-12,0.1
2014-02-13,0.1
2014-02-14,0.1
2014-02-17,0.1
2014-02-18,0.11
2014-02-19,0.1
2014-02-20,0.1
2014-02-21,0.11
2014-02-24,0.12
2014-02-25,0.11
2014-02-26,0.11
2014-02-27,0.11
2014-02-28,0.11
2014-03-03,0.11
2014-03-04,0.11
2014-03-05,0.11
2014-03-06,0.12
2014-03-07,0.16
2014-03-10,0.17
2014-03-11,0.16
2014-03-12,0.17
2014-03-13,0.17
2014-03-14,0.16
2014-03-17,0.17
2014-03-18,0.18
2014-03-19,0.18
2014-03-20,0.19
2014-03-21,0.19
2014-03-24,0.19
2014-03-25,0.19
2014-03-26,0.18
2014-03-27,0.16
2014-03-28,0.15
2014-03-31,0.17
2014-04-01,0.17
2014-04-02,0.2
2014-04-03,0.18
2014-04-04,0.19
2014-04-07,0.18
2014-04-08,0.18
2014-04-09,0.18
2014-04-10,0.17
2014-04-11,0.17
2014-04-14,0.17
2014-04-15,0.16
2014-04-16,0.16
2014-04-17,0.16
2014-04-22,0.16
2014-04-23,0.17
2014-04-24,0.17
2014-04-25,0.18
2014-04-28,0.18
2014-04-29,0.18
2014-04-30,0.17
2014-05-02,0.16
2014-05-05,0.16
2014-05-06,0.16
2014-05-07,0.16
2014-05-08,0.16
2014-05-09,0.15
2014-05-12,0.16
2014-05-13,0.15
2014-05-14,0.14
2014-05-15,0.12
2014-05-16,0.12
2014-05-19,0.11
2014-05-20,0.11
2014-05-21,0.12
2014-05-22,0.12
2014-05-23,0.11
2014-05-26,0.1
2014-05-27,0.1
2014-05-28,0.1
2014-05-29,0.09
2014-05-30,0.09
2014-06-02,0.09
2014-06-03,0.09
2014-06-04,0.08
2014-06-05,0.07
2014-06-06,0.07
2014-06-09,0.08
2014-06-10,0.07
2014-06-11,0.07
2014-06-12,0.05
2014-06-13,0.04
2014-06-16,0.04
2014-06-17,0.03
2014-06-18,0.04
2014-06-19,0.05
2014-06-20,0.05
2014-06-23,0.04
2014-06-24,0.05
2014-06-25,0.04
2014-06-26,0.05
2014-06-27,0.04
2014-06-30,0.04
2014-07-01,0.05
2014-07-02,0.04
2014-07-03,0.03
2014-07-04,0.03
2014-07-07,0.03
2014-07-08,0.03
2014-07-09,0.05
2014-07-10,0.05
2014-07-11,0.05
2014-07-14,0.05
2014-07-15,0.05
2014-07-16,0.05
2014-07-17,0.04
2014-07-18,0.04
2014-07-21,0.05
2014-07-22,0.04
2014-07-23,0.05
2014-07-24,0.05
2014-07-25,0.04
2014-07-28,0.04
2014-07-29,0.04
2014-07-30,0.04
2014-07-31,0.04
2014-08-01,0.03
2014-08-04,0.04
2014-08-05,0.04
2014-08-06,0.03
2014-08-07,0.03
2014-08-08,0.03
2014-08-11,0.03
2014-08-12,0.03
2014-08-13,0.03
2014-08-14,0.03
2014-08-15,0.03
2014-08-18,0.03
2014-08-19,0.03
2014-08-20,0.02
2014-08-21,0.03
2014-08-22,0.02
2014-08-25,0.0
2014-08-26,0.0
2014-08-27,0.01
2014-08-28,0.01
2014-08-29,0.01
2014-09-01,0.0
2014-09-02,0.0
2014-09-03,0.0
2014-09-04,0.01
2014-09-05,-0.04
2014-09-08,-0.04
2014-09-09,-0.05
2014-09-10,-0.04
2014-09-11,-0.04
2014-09-12,-0.04
2014-09-15,-0.04
2014-09-16,-0.04
2014-09-17,-0.02
2014-09-18,-0.03
2014-09-19,-0.03
2014-09-22,-0.04
2014-09-23,-0.03
2014-09-24,-0.02
2014-09-25,-0.03
2014-09-26,-0.03
2014-09-29,-0.04
2014-09-30,-0.04
2014-10-01,-0.04
2014-10-02,-0.03
2014-10-06,-0.03
2014-10-07,-0.02
2014-10-08,-0.03
2014-10-09,-0.03
2014-10-10,-0.03
2014-10-13,-0.02
2014-10-14,-0.02
2014-10-15,-0.08
2014-10-16,-0.08
2014-10-17,-0.08
2014-10-20,-0.09
2014-10-21,-0.09
2014-10-22,-0.08
2014-10-23,-0.08
2014-10-24,-0.08
2014-10-27,-0.07
2014-10-28,-0.07
2014-10-29,-0.07
2014-10-30,-0.07
2014-10-31,-0.07
2014-11-03,-0.07
2014-11-04,-0.06
2014-11-05,-0.06
2014-11-06,-0.06
2014-11-07,-0.06
2014-11-10,-0.06
2014-11-11,-0.05
2014-11-12,-0.05
2014-11-13,-0.05
2014-11-14,-0.05
2014-11-17,-0.04
2014-11-18,-0.04
2014-11-19,-0.03
2014-11-20,-0.03
2014-11-21,-0.04
2014-11-24,-0.05
2014-11-25,-0.04
2014-11-26,-0.04
2014-11-27,-0.05
2014-11-28,-0.05
2014-12-01,-0.05
2014-12-02,-0.05
2014-12-03,-0.05
2014-12-04,-0.05
2014-12-05,-0.04
2014-12-08,-0.04
2014-12-09,-0.05
2014-12-10,-0.06
2014-12-11,-0.06
2014-12-12,-0.07
2014-12-15,-0.07
2014-12-16,-0.07
2014-12-17,-0.07
2014-12-18,-0.08
2014-12-19,-0.08
2014-12-22,-0.14
2014-12-23,-0.11
2014-12-29,-0.12
2014-12-30,-0.14
2015-01-02,-0.11
2015-01-05,-0.11
2015-01-06,-0.12
2015-01-07,-0.13
2015-01-08,-0.13
2015-01-09,-0.15
2015-01-12,-0.14
2015-01-13,-0.16
2015-01-14,-0.16
2015-01-15,-0.18
2015-01-16,-0.2
2015-01-19,-0.2
2015-01-20,-0.2
2015-01-21,-0.18
2015-01-22,-0.19
2015-01-23,-0.19
2015-01-26,-0.17
2015-01-27,-0.16
2015-01-28,-0.16
2015-01-29,-0.16
2015-01-30,-0.16
2015-02-02,-0.16
2015-02-03,-0.17
2015-02-04,-0.18
2015-02-05,-0.19
2015-02-06,-0.18
2015-02-09,-0.18
2015-02-10,-0.19
2015-02-11,-0.19
2015-02-12,-0.19
2015-02-13,-0.19
2015-02-16,-0.19
2015-02-17,-0.19
2015-02-18,-0.19
2015-02-19,-0.19
2015-02-20,-0.18
2015-02-23,-0.18
2015-02-24,-0.19
2015-02-25,-0.16
2015-02-26,-0.18
2015-02-27,-0.18
2015-03-02,-0.18
2015-03-03,-0.18
2015-03-04,-0.18
2015-03-05,-0.18
2015-03-06,-0.18
2015-03-09,-0.19
2015-03-10,-0.2
2015-03-11,-0.22
2015-03-12,-0.21
2015-03-13,-0.24
2015-03-16,-0.25
2015-03-17,-0.23
2015-03-18,-0.23
2015-03-19,-0.23
2015-03-20,-0.22
2015-03-23,-0.24
2015-03-24,-0.23
2015-03-25,-0.23
2015-03-26,-0.24
2015-03-27,-0.25
2015-03-30,-0.25
2015-03-31,-0.25
2015-04-01,-0.26
2015-04-02,-0.26
2015-04-07,-0.26
2015-04-08,-0.26
2015-04-09,-0.24
2015-04-10,-0.24
2015-04-13,-0.26
2015-04-14,-0.27
2015-04-15,-0.28
2015-04-16,-0.26
2015-04-17,-0.25
2015-04-20,-0.25
2015-04-21,-0.25
2015-04-22,-0.27
2015-04-23,-0.27
2015-04-24,-0.27
2015-04-27,-0.27
2015-04-28,-0.27
2015-04-29,-0.27
2015-04-30,-0.26
2015-05-04,-0.25
2015-05-05,-0.25
2015-05-06,-0.24
2015-05-07,-0.26
2015-05-08,-0.25
2015-05-11,-0.24
2015-05-12,-0.24
2015-05-13,-0.24
2015-05-14,-0.23
2015-05-15,-0.24
2015-05-18,-0.24
2015-05-19,-0.24
2015-05-20,-0.24
2015-05-21,-0.24
2015-05-22,-0.24
2015-05-26,-0.23
2015-05-27,-0.24
2015-05-28,-0.24
2015-05-29,-0.24
2015-06-01,-0.23
2015-06-02,-0.23
2015-06-03,-0.23
2015-06-04,-0.23
2015-06-05,-0.22
2015-06-08,-0.23
2015-06-09,-0.22
2015-06-10,-0.21
2015-06-11,-0.22
2015-06-12,-0.22
2015-06-15,-0.23
2015-06-16,-0.23
2015-06-17,-0.23
2015-06-18,-0.24
2015-06-19,-0.24
2015-06-22,-0.24
2015-06-23,-0.24
2015-06-24,-0.25
2015-06-25,-0.26
2015-06-26,-0.26
2015-06-29,-0.26
2015-06-30,-0.26
2015-07-01,-0.27
2015-07-02,-0.27
2015-07-03,-0.28
2015-07-06,-0.28
2015-07-07,-0.28
2015-07-08,-0.28
2015-07-09,-0.28
2015-07-10,-0.28
2015-07-13,-0.27
2015-07-14,-0.27
2015-07-15,-0.27
2015-07-16,-0.27
2015-07-17,-0.27
2015-07-20,-0.26
2015-07-21,-0.26
2015-07-22,-0.26
2015-07-23,-0.26
2015-07-24,-0.25
2015-07-27,-0.25
2015-07-28,-0.25
2015-07-29,-0.24
2015-07-30,-0.25
2015-07-31,-0.25
2015-08-03,-0.24
2015-08-04,-0.25
2015-08-05,-0.25
2015-08-06,-0.25
2015-08-07,-0.25
2015-08-10,-0.25
2015-08-11,-0.25
2015-08-12,-0.25
2015-08-13,-0.26
2015-08-14,-0.26
2015-08-17,-0.26
2015-08-18,-0.25
2015-08-19,-0.25
2015-08-20,-0.25
2015-08-21,-0.25
2015-08-24,-0.26
2015-08-25,-0.26
2015-08-26,-0.25
2015-08-27,-0.25
2015-08-28,-0.24
2015-08-31,-0.24
2015-09-01,-0.24
2015-09-02,-0.24
2015-09-03,-0.25
2015-09-04,-0.26
2015-09-07,-0.24
2015-09-08,-0.24
2015-09-09,-0.24
2015-09-10,-0.24
2015-09-11,-0.25
2015-09-14,-0.24
2015-09-15,-0.25
2015-09-16,-0.25
2015-09-17,-0.24
2015-09-18,-0.25
2015-09-21,-0.25
2015-09-22,-0.26
2015-09-23,-0.25
2015-09-24,-0.25
2015-09-25,-0.25
2015-09-28,-0.26
2015-09-29,-0.26
2015-09-30,-0.25
2015-10-01,-0.26
2015-10-02,-0.25
2015-10-05,-0.26
2015-10-06,-0.26
2015-10-07,-0.26
2015-10-08,-0.26
2015-10-09,-0.26
2015-10-12,-0.26
2015-10-13,-0.27
2015-10-14,-0.27
2015-10-15,-0.28
2015-10-16,-0.27
2015-10-19,-0.28
2015-10-20,-0.27
2015-10-21,-0.27
2015-10-22,-0.27
2015-10-23,-0.31
2015-10-26,-0.31
2015-10-27,-0.32
2015-10-28,-0.32
2015-10-29,-0.32
2015-10-30,-0.32
2015-11-02,-0.31
2015-11-03,-0.31
2015-11-04,-0.31
2015-11-05,-0.3
2015-11-06,-0.3
2015-11-09,-0.28
2015-11-10,-0.32
2015-11-11,-0.31
2015-11-12,-0.32
2015-11-13,-0.33
2015-11-16,-0.33
2015-11-17,-0.33
2015-11-18,-0.33
2015-11-19,-0.33
2015-11-20,-0.34
2015-11-23,-0.35
2015-11-24,-0.36
2015-11-25,-0.36
2015-11-26,-0.37
2015-11-27,-0.38
2015-11-30,-0.37
2015-12-01,-0.38
2015-12-02,-0.38
2015-12-03,-0.4
2015-12-04,-0.31
2015-12-07,-0.32
2015-12-08,-0.33
2015-12-09,-0.32
2015-12-10,-0.34
2015-12-11,-0.34
2015-12-14,-0.35
2015-12-15,-0.35
2015-12-16,-0.35
2015-12-17,-0.35
2015-12-18,-0.36
2015-12-21,-0.36
2015-12-22,-0.42
2015-12-23,-0.38
2015-12-28,-0.37
2015-12-29,-0.43
2015-12-30,-0.4
2016-01-04,-0.4
2016-01-05,-0.41
2016-01-06,-0.41
2016-01-07,-0.42
2016-01-08,-0.41
2016-01-11,-0.42
2016-01-12,-0.41
2016-01-13,-0.42
2016-01-14,-0.41
2016-01-15,-0.41
2016-01-18,-0.41
2016-01-19,-0.4
2016-01-20,-0.4
2016-01-21,-0.4
2016-01-22,-0.42
2016-01-25,-0.42
2016-01-26,-0.43
2016-01-27,-0.42
2016-01-28,-0.42
2016-01-29,-0.43
2016-02-01,-0.43
2016-02-02,-0.42
2016-02-03,-0.42
2016-02-04,-0.42
2016-02-05,-0.42
2016-02-08,-0.44
2016-02-09,-0.45
2016-02-10,-0.45
2016-02-11,-0.46
2016-02-12,-0.46
2016-02-15,-0.44
2016-02-16,-0.45
2016-02-17,-0.45
2016-02-18,-0.45
2016-02-19,-0.46
2016-02-22,-0.46
2016-02-23,-0.46
2016-02-24,-0.47
2016-02-25,-0.47
2016-02-26,-0.47
2016-02-29,-0.48
2016-03-01,-0.48
2016-03-02,-0.47
2016-03-03,-0.49
2016-03-04,-0.49
2016-03-07,-0.48
2016-03-08,-0.49
2016-03-09,-0.48
2016-03-10,-0.49
2016-03-11,-0.44
2016-03-14,-0.44
2016-03-15,-0.44
2016-03-16,-0.44
2016-03-17,-0.46
2016-03-18,-0.46
2016-03-21,-0.46
2016-03-22,-0.47
2016-03-23,-0.47
2016-03-24,-0.46
2016-03-29,-0.47
2016-03-30,-0.48
2016-03-31,-0.48
2016-04-01,-0.48
2016-04-04,-0.51
2016-04-05,-0.52
2016-04-06,-0.52
2016-04-07,-0.53
2016-04-08,-0.52
2016-04-11,-0.53
2016-04-12,-0.53
2016-04-13,-0.54
2016-04-14,-0.54
2016-04-15,-0.54
2016-04-18,-0.53
2016-04-19,-0.54
2016-04-20,-0.54
2016-04-21,-0.53
2016-04-22,-0.53
2016-04-25,-0.54
2016-04-26,-0.53
2016-04-27,-0.53
2016-04-28,-0.54
2016-04-29,-0.53
2016-05-02,-0.53
2016-05-03,-0.53
2016-05-04,-0.53
2016-05-05,-0.53
2016-05-06,-0.53
2016-05-09,-0.53
2016-05-10,-0.53
2016-05-11,-0.54
2016-05-12,-0.54
2016-05-13,-0.54
2016-05-17,-0.53
2016-05-18,-0.54
2016-05-19,-0.53
2016-05-20,-0.53
2016-05-23,-0.51
2016-05-24,-0.54
2016-05-25,-0.54
2016-05-26,-0.54
2016-05-27,-0.55
2016-05-30,-0.55
2016-05-31,-0.55
2016-06-01,-0.55
2016-06-02,-0.55
2016-06-03,-0.55
2016-06-06,-0.56
2016-06-07,-0.56
2016-06-08,-0.57
2016-06-09,-0.56
2016-06-10,-0.58
2016-06-13,-0.57
2016-06-14,-0.58
2016-06-15,-0.57
2016-06-16,-0.57
2016-06-17,-0.59
2016-06-20,-0.59
2016-06-21,-0.58
2016-06-22,-0.59
2016-06-23,-0.59
2016-06-24,-0.66
2016-06-27,-0.65
2016-06-28,-0.65
2016-06-29,-0.66
2016-06-30,-0.65
2016-07-01,-0.67
2016-07-04,-0.68
2016-07-05,-0.68
2016-07-06,-0.69
2016-07-07,-0.68
2016-07-08,-0.69
2016-07-11,-0.69
2016-07-12,-0.68
2016-07-13,-0.68
2016-07-14,-0.68
2016-07-15,-0.66
2016-07-18,-0.67
2016-07-19,-0.66
2016-07-20,-0.65
2016-07-21,-0.64
2016-07-22,-0.64
2016-07-25,-0.63
2016-07-26,-0.63
2016-07-27,-0.63
2016-07-28,-0.63
2016-07-29,-0.63
2016-08-01,-0.63
2016-08-02,-0.62
2016-08-03,-0.62
2016-08-04,-0.62
2016-08-05,-0.63
2016-08-08,-0.63
2016-08-09,-0.63
2016-08-10,-0.63
2016-08-11,-0.63
2016-08-12,-0.63
2016-08-15,-0.63
2016-08-16,-0.63
2016-08-17,-0.63
2016-08-18,-0.63
2016-08-19,-0.63
2016-08-22,-0.62
2016-08-23,-0.63
2016-08-24,-0.63
2016-08-25,-0.62
2016-08-26,-0.62
2016-08-29,-0.63
2016-08-30,-0.62
2016-08-31,-0.63
2016-09-01,-0.63
2016-09-02,-0.63
2016-09-05,-0.64
2016-09-06,-0.64
2016-09-07,-0.65
2016-09-08,-0.65
2016-09-09,-0.65
2016-09-12,-0.63
2016-09-13,-0.65
2016-09-14,-0.65
2016-09-15,-0.66
2016-09-16,-0.68
2016-09-19,-0.67
2016-09-20,-0.68
2016-09-21,-0.68
2016-09-22,-0.68
2016-09-23,-0.68
2016-09-26,-0.68
2016-09-27,-0.7
2016-09-28,-0.7
2016-09-29,-0.71
2016-09-30,-0.71
2016-10-04,-0.71
2016-10-05,-0.71
2016-10-06,-0.71
2016-10-07,-0.7
2016-10-10,-0.7
2016-10-11,-0.72
2016-10-12,-0.72
2016-10-13,-0.72
2016-10-14,-0.72
2016-10-17,-0.72
2016-10-18,-0.73
2016-10-19,-0.73
2016-10-20,-0.73
2016-10-21,-0.73
2016-10-24,-0.73
2016-10-25,-0.73
2016-10-26,-0.73
2016-10-27,-0.72
2016-10-28,-0.72
2016-10-31,-0.72
2016-11-01,-0.72
2016-11-02,-0.73
2016-11-03,-0.73
2016-11-04,-0.74
2016-11-07,-0.74
2016-11-08,-0.74
2016-11-09,-0.74
2016-11-10,-0.74
2016-11-11,-0.73
2016-11-14,-0.73
2016-11-15,-0.75
2016-11-16,-0.75
2016-11-17,-0.75
2016-11-18,-0.75
2016-11-21,-0.75
2016-11-22,-0.78
2016-11-23,-0.78
2016-11-24,-0.79
2016-11-25,-0.8
2016-11-28,-0.82
2016-11-29,-0.84
2016-11-30,-0.84
2016-12-01,-0.84
2016-12-02,-0.88
2016-12-05,-0.87
2016-12-06,-0.86
2016-12-07,-0.86
2016-12-08,-0.83
2016-12-09,-0.85
2016-12-12,-0.84
2016-12-13,-0.84
2016-12-14,-0.84
2016-12-15,-0.86
2016-12-16,-0.9
2016-12-19,-0.89
2016-12-20,-0.9
2016-12-21,-0.9
2016-12-22,-0.91
2016-12-23,-0.93
2016-12-27,-0.95
2016-12-28,-0.98
2016-12-29,-0.97
2016-12-30,-0.92
2017-01-02,-0.92
2017-01-03,-0.93
2017-01-04,-0.9
2017-01-05,-0.87
2017-01-06,-0.8
2017-01-09,-0.78
2017-01-10,-0.77
2017-01-11,-0.74
2017-01-12,-0.72
2017-01-13,-0.74
2017-01-16,-0.74
2017-01-17,-0.75
2017-01-18,-0.76
2017-01-19,-0.72
2017-01-20,-0.67
2017-01-23,-0.65
2017-01-24,-0.65
2017-01-25,-0.65
2017-01-26,-0.65
2017-01-27,-0.66
2017-01-30,-0.67
2017-01-31,-0.68
2017-02-01,-0.7
2017-02-02,-0.72
2017-02-03,-0.73
2017-02-06,-0.75
2017-02-07,-0.78
2017-02-08,-0.79
2017-02-09,-0.81
2017-02-10,-0.8
2017-02-13,-0.81
2017-02-14,-0.82
2017-02-15,-0.83
2017-02-16,-0.82
2017-02-17,-0.83
2017-02-20,-0.84
2017-02-21,-0.88
2017-02-22,-0.89
2017-02-23,-0.89
2017-02-24,-0.93
2017-02-27,-0.93
2017-02-28,-0.92
2017-03-01,-0.9
2017-03-02,-0.89
2017-03-03,-0.9
2017-03-06,-0.89
2017-03-07,-0.92
2017-03-08,-0.93
2017-03-09,-0.93
2017-03-10,-0.95
2017-03-13,-0.94
2017-03-14,-0.92
2017-03-15,-0.92
2017-03-16,-0.92
2017-03-17,-0.9
2017-03-20,-0.89
2017-03-21,-0.86
2017-03-22,-0.86
2017-03-23,-0.86
2017-03-24,-0.84
2017-03-27,-0.83
2017-03-28,-0.82
2017-03-29,-0.81
2017-03-30,-0.8
2017-03-31,-0.76
2017-04-03,-0.76
2017-04-04,-0.77
2017-04-05,-0.78
2017-04-06,-0.79
2017-04-07,-0.8
2017-04-10,-0.81
2017-04-11,-0.82
2017-04-12,-0.85
2017-04-13,-0.85
2017-04-18,-0.84
2017-04-19,-0.82
2017-04-20,-0.8
2017-04-21,-0.8
2017-04-24,-0.74
2017-04-25,-0.74
2017-04-26,-0.74
2017-04-27,-0.75
2017-04-28,-0.76
2017-05-02,-0.76
2017-05-03,-0.76
2017-05-04,-0.76
2017-05-05,-0.76
2017-05-08,-0.75
2017-05-09,-0.74
2017-05-10,-0.74
2017-05-11,-0.74
2017-05-12,-0.74
2017-05-15,-0.73
2017-05-16,-0.73
2017-05-17,-0.73
2017-05-18,-0.74
2017-05-19,-0.73
2017-05-22,-0.73
2017-05-23,-0.73
2017-05-24,-0.73
2017-05-25,-0.74
2017-05-26,-0.75
2017-05-29,-0.75
2017-05-30,-0.76
2017-05-31,-0.76
2017-06-01,-0.77
2017-06-02,-0.77
2017-06-06,-0.77
2017-06-07,-0.78
2017-06-08,-0.78
2017-06-09,-0.78
2017-06-12,-0.78
2017-06-13,-0.77
2017-06-14,-0.75
2017-06-15,-0.73
2017-06-16,-0.71
2017-06-19,-0.72
2017-06-20,-0.72
2017-06-21,-0.72
2017-06-22,-0.71
2017-06-23,-0.71
2017-06-26,-0.72
2017-06-27,-0.72
2017-06-28,-0.71
2017-06-29,-0.71
2017-06-30,-0.71
2017-07-03,-0.71
2017-07-04,-0.72
2017-07-05,-0.72
2017-07-06,-0.71
2017-07-07,-0.7
2017-07-10,-0.71
2017-07-11,-0.7
2017-07-12,-0.7
2017-07-13,-0.7
2017-07-14,-0.71
2017-07-17,-0.7
2017-07-18,-0.71
2017-07-19,-0.71
2017-07-20,-0.71
2017-07-21,-0.71
2017-07-24,-0.7
2017-07-25,-0.71
2017-07-26,-0.7
2017-07-27,-0.7
2017-07-28,-0.69
2017-07-31,-0.7
2017-08-01,-0.69
2017-08-02,-0.69
2017-08-03,-0.69
2017-08-04,-0.7
2017-08-07,-0.7
2017-08-08,-0.71
2017-08-09,-0.71
2017-08-10,-0.71
2017-08-11,-0.71
2017-08-14,-0.73
2017-08-15,-0.73
2017-08-16,-0.72
2017-08-17,-0.72
2017-08-18,-0.73
2017-08-21,-0.73
2017-08-22,-0.73
2017-08-23,-0.73
2017-08-24,-0.74
2017-08-25,-0.75
2017-08-28,-0.75
2017-08-29,-0.77
2017-08-30,-0.76
2017-08-31,-0.77
2017-09-01,-0.77
2017-09-04,-0.78
2017-09-05,-0.78
2017-09-06,-0.78
2017-09-07,-0.78
2017-09-08,-0.79
2017-09-11,-0.8
2017-09-12,-0.79
2017-09-13,-0.78
2017-09-14,-0.78
2017-09-15,-0.79
2017-09-18,-0.77
2017-09-19,-0.76
2017-09-20,-0.77
2017-09-21,-0.76
2017-09-22,-0.75
2017-09-25,-0.76
2017-09-26,-0.77
2017-09-27,-0.75
2017-09-28,-0.75
2017-09-29,-0.76
2017-10-02,-0.76
2017-10-04,-0.76
2017-10-05,-0.75
2017-10-06,-0.75
2017-10-09,-0.76
2017-10-10,-0.76
2017-10-11,-0.75
2017-10-12,-0.76
2017-10-13,-0.77
2017-10-16,-0.77
2017-10-17,-0.78
2017-10-18,-0.77
2017-10-19,-0.78
2017-10-20,-0.78
2017-10-23,-0.78
2017-10-24,-0.77
2017-10-25,-0.76
2017-10-26,-0.76
2017-10-27,-0.79
2017-10-30,-0.79
2017-11-01,-0.78
2017-11-02,-0.77
2017-11-03,-0.78
2017-11-06,-0.78
2017-11-07,-0.78
2017-11-08,-0.78
2017-11-09,-0.77
2017-11-10,-0.77
2017-11-13,-0.77
2017-11-14,-0.77
2017-11-15,-0.78
2017-11-16,-0.78
2017-11-17,-0.77
2017-11-20,-0.77
2017-11-21,-0.77
2017-11-22,-0.75
2017-11-23,-0.75
2017-11-24,-0.75
2017-11-27,-0.75
2017-11-28,-0.76
2017-11-29,-0.76
2017-11-30,-0.77
2017-12-01,-0.78
2017-12-04,-0.79
2017-12-05,-0.81
2017-12-06,-0.81
2017-12-07,-0.83
2017-12-08,-0.84
2017-12-11,-0.83
2017-12-12,-0.83
2017-12-13,-0.83
2017-12-14,-0.86
2017-12-15,-0.9
2017-12-18,-0.9
2017-12-19,-0.91
2017-12-20,-0.89
2017-12-21,-0.87
2017-12-22,-0.84
2017-12-27,-0.85
2017-12-28,-0.77
2017-12-29,-0.78
2018-01-02,-0.7
2018-01-03,-0.7
2018-01-04,-0.7
2018-01-05,-0.67
2018-01-08,-0.67
2018-01-09,-0.66
2018-01-10,-0.68
2018-01-11,-0.68
2018-01-12,-0.66
2018-01-15,-0.66
2018-01-16,-0.68
2018-01-17,-0.65
2018-01-18,-0.65
2018-01-19,-0.65
2018-01-22,-0.65
2018-01-23,-0.65
2018-01-24,-0.63
2018-01-25,-0.64
2018-01-26,-0.65
2018-01-29,-0.63
2018-01-30,-0.64
2018-01-31,-0.65
2018-02-01,-0.64
2018-02-02,-0.66
2018-02-05,-0.66
2018-02-06,-0.68
2018-02-07,-0.67
2018-02-08,-0.66
2018-02-09,-0.66
2018-02-12,-0.67
2018-02-13,-0.67
2018-02-14,-0.65
2018-02-15,-0.64
2018-02-16,-0.65
2018-02-19,-0.65
2018-02-20,-0.65
2018-02-21,-0.66
2018-02-22,-0.66
2018-02-23,-0.66
2018-02-26,-0.66
2018-02-27,-0.65
2018-02-28,-0.65
2018-03-01,-0.68
2018-03-02,-0.67
2018-03-05,-0.69
2018-03-06,-0.71
2018-03-07,-0.71
2018-03-08,-0.7
2018-03-09,-0.71
2018-03-12,-0.7
2018-03-13,-0.72
2018-03-14,-0.7
2018-03-15,-0.7
2018-03-16,-0.71
2018-03-19,-0.71
2018-03-20,-0.69
2018-03-21,-0.69
2018-03-22,-0.7
2018-03-23,-0.7
2018-03-26,-0.7
2018-03-27,-0.71
2018-03-28,-0.7
2018-03-29,-0.69
2018-04-03,-0.68
2018-04-04,-0.67
2018-04-05,-0.67
2018-04-06,-0.66
2018-04-09,-0.67
2018-04-10,-0.67
2018-04-11,-0.67
2018-04-12,-0.68
2018-04-13,-0.68
2018-04-16,-0.68
2018-04-17,-0.69
2018-04-18,-0.69
2018-04-19,-0.67
2018-04-20,-0.67
2018-04-23,-0.68
2018-04-24,-0.67
2018-04-25,-0.67
2018-04-26,-0.67
2018-04-27,-0.67
2018-04-30,-0.67
2018-05-02,-0.66
2018-05-03,-0.66
2018-05-04,-0.64
2018-05-07,-0.64
2018-05-08,-0.64
2018-05-09,-0.64
2018-05-10,-0.64
2018-05-11,-0.64
2018-05-14,-0.63
2018-05-15,-0.63
2018-05-16,-0.65
2018-05-17,-0.64
2018-05-18,-0.64
2018-05-22,-0.65
2018-05-23,-0.65
2018-05-24,-0.65
2018-05-25,-0.65
2018-05-28,-0.65
2018-05-29,-0.7
2018-05-30,-0.67
2018-05-31,-0.65
2018-06-01,-0.66
2018-06-04,-0.66
2018-06-05,-0.66
2018-06-06,-0.66
2018-06-07,-0.66
2018-06-08,-0.68
2018-06-11,-0.67
2018-06-12,-0.66
2018-06-13,-0.67
2018-06-14,-0.67
2018-06-15,-0.68
2018-06-18,-0.67
2018-06-19,-0.67
2018-06-20,-0.67
2018-06-21,-0.68
2018-06-22,-0.68
2018-06-25,-0.68
2018-06-26,-0.7
2018-06-27,-0.7
2018-06-28,-0.69
2018-06-29,-0.66
2018-07-02,-0.67
2018-07-03,-0.68
2018-07-04,-0.67
2018-07-05,-0.66
2018-07-06,-0.67
2018-07-09,-0.67
2018-07-10,-0.66
2018-07-11,-0.67
2018-07-12,-0.67
2018-07-13,-0.67
2018-07-16,-0.67
2018-07-17,-0.67
2018-07-18,-0.67
2018-07-19,-0.68
2018-07-20,-0.68
2018-07-23,-0.68
2018-07-24,-0.68
2018-07-25,-0.68
2018-07-26,-0.69
2018-07-27,-0.69
2018-07-30,-0.69
2018-07-31,-0.68
2018-08-01,-0.66
2018-08-02,-0.66
2018-08-03,-0.67
2018-08-06,-0.66
2018-08-07,-0.67
2018-08-08,-0.67
2018-08-09,-0.66
2018-08-10,-0.67
2018-08-13,-0.67
2018-08-14,-0.68
2018-08-15,-0.68
2018-08-16,-0.68
2018-08-17,-0.68
2018-08-20,-0.68
2018-08-21,-0.68
2018-08-22,-0.67
2018-08-23,-0.66
2018-08-24,-0.67
2018-08-27,-0.66
2018-08-28,-0.66
2018-08-29,-0.66
2018-08-30,-0.66
2018-08-31,-0.66
2018-09-03,-0.66
2018-09-04,-0.66
2018-09-05,-0.65
2018-09-06,-0.65
2018-09-07,-0.65
2018-09-10,-0.63
2018-09-11,-0.62
2018-09-12,-0.62
2018-09-13,-0.64
2018-09-14,-0.64
2018-09-17,-0.64
2018-09-18,-0.64
2018-09-19,-0.63
2018-09-20,-0.64
2018-09-21,-0.64
2018-09-24,-0.66
2018-09-25,-0.65
2018-09-26,-0.63
2018-09-27,-0.64
2018-09-28,-0.64
2018-10-01,-0.65
2018-10-02,-0.64
2018-10-04,-0.63
2018-10-05,-0.64
2018-10-08,-0.64
2018-10-09,-0.64
2018-10-10,-0.64
2018-10-11,-0.65
2018-10-12,-0.66
2018-10-15,-0.68
2018-10-16,-0.68
2018-10-17,-0.7
2018-10-18,-0.7
2018-10-19,-0.74
2018-10-22,-0.73
2018-10-23,-0.74
2018-10-24,-0.74
2018-10-25,-0.74
2018-10-26,-0.74
2018-10-29,-0.74
2018-10-30,-0.74
2018-10-31,-0.74
2018-11-01,-0.71
2018-11-02,-0.7
2018-11-05,-0.7
2018-11-06,-0.7
2018-11-07,-0.69
2018-11-08,-0.69
2018-11-09,-0.68
2018-11-12,-0.69
2018-11-13,-0.69
2018-11-14,-0.68
2018-11-15,-0.69
2018-11-16,-0.69
2018-11-19,-0.69
2018-11-20,-0.68
2018-11-21,-0.69
2018-11-22,-0.69
2018-11-23,-0.69
2018-11-26,-0.69
2018-11-27,-0.69
2018-11-28,-0.69
2018-11-29,-0.69
2018-11-30,-0.69
2018-12-03,-0.69
2018-12-04,-0.69
2018-12-05,-0.7
2018-12-06,-0.66
2018-12-07,-0.72
2018-12-10,-0.72
2018-12-11,-0.74
2018-12-12,-0.73
2018-12-13,-0.74
2018-12-14,-0.74
2018-12-17,-0.76
2018-12-18,-0.76
2018-12-19,-0.75
2018-12-20,-0.78
2018-12-21,-0.75
2018-12-27,-0.77
2018-12-28,-0.75
2019-01-02,-0.63
2019-01-03,-0.63
2019-01-04,-0.62
2019-01-07,-0.62
2019-01-08,-0.61
2019-01-09,-0.6
2019-01-10,-0.6
2019-01-11,-0.61
2019-01-14,-0.6
2019-01-15,-0.59
2019-01-16,-0.59
2019-01-17,-0.57
2019-01-18,-0.58
2019-01-21,-0.58
2019-01-22,-0.58
2019-01-23,-0.59
2019-01-24,-0.59
2019-01-25,-0.58
2019-01-28,-0.59
2019-01-29,-0.57
2019-01-30,-0.56
2019-01-31,-0.57
2019-02-01,-0.56
2019-02-04,-0.56
2019-02-05,-0.55
2019-02-06,-0.55
2019-02-07,-0.54
2019-02-08,-0.54
2019-02-11,-0.54
2019-02-12,-0.54
2019-02-13,-0.54
2019-02-14,-0.54
2019-02-15,-0.54
2019-02-18,-0.56
2019-02-19,-0.57
2019-02-20,-0.57
2019-02-21,-0.57
2019-02-22,-0.57
2019-02-25,-0.57
2019-02-26,-0.58
2019-02-27,-0.57
2019-02-28,-0.57
2019-03-01,-0.56
2019-03-04,-0.54
